Id,Names,Codes,OutPut,Convertor
,SiegeGolem,108**aa16.349.1.0.50.16.349.1.0.50.0.0_ab67.454956.454956.60_ac67.454956.454956.60_ba50_bb17.1_bc499.50.2.0.1.4_bd17_be1800_bi0.0.100.100_bf_bg_bh1_ca530.12.700.530.1000.1000.100.1000.3120.0.70.108.1.1_cc1500.1120.490.1370.1500.1120.490.1370.1.1.0.0_cd1650.1650.370.620.1650.1650.370.620.1.1.0.0_ce1500.1210.420.500.1500.1210.420.500.1.1.1.1_cf0.500.500.500.500.0.500.500.500.500.1.1.1.1_cg0.500.500.500.500.0.500.500.500.500.1.1_ch0.500.500.500.500.0.500.500.500.500.1.1_da697678_db_dd9.22.350.500.500.350.1.1_dh_di9_qa8.697678.697678.50.50.697678.2.0.1.50.11.30.1.50.50.50.50_qb9.31_dc_eh_ea48.697678.697678.56.0.0_ec_ed_ef_eg_r00_fa0.500.500.500.500.65.56.0_fb7_fh_fk_fc12.697678.697678.12.697678.697678.500.FF0000.FF0000.500.500.500_fj_fd7.0.50.697678.56.75.50_fe67.61_ff0000000001_fg0.50.56.0.0.1.0.0_fi_pa3.0.0.0.40.63.85.85.0.0_t00_pb_pc11.697678.0.0.2.70.62_pd_pe_ga0_gb1.0.10.40.65_gc1.0_ge0000000000_gh0_gf_gg_gd000000_ha89.89_hb440.0.530.990.990.440.530_hc4.0.310.4.0.310.500.500_hd68.1.830.1000.2.500.500.50.1.61_ad0.0.0.0.0.0.0.0.0.0_ae1.3.3.0.0_ia_if_ib_id_ic_jc_ie_ja_jb_jf_jg_jd_je_ka_kb_kc_kd_ke_kf_kg_la_lb_oa_os_ob_oc_od_oe_of_lc_m00_s00_og12.454956.7.7_oh12.454956.7.7_oo_op_oq_or_om_on_ok_ol_oi_oj_f00_fv1.0,108**aa14.307.0.0.54.14.307.0.0.54.0.0_ab_ac_ba50_bb13.1_bc44.510.8.0.1.0_bd13_be1800_bi0.0.100.100_bf_bg_bh1_ca530.12.700.530.1000.1000.100.1000.3120.0.70.108.1.1_cc1500.1120.490.1370.1500.1120.490.1370.1.1.0.0_cd1650.1650.370.620.1650.1650.370.620.1.1.0.0_ce1500.1210.420.500.1500.1210.420.500.1.1.1.1_cf0.500.500.500.500.0.500.500.500.500.1.1.1.1_cg0.500.500.500.500.0.500.500.500.500.1.1_ch0.500.500.500.500.0.500.500.500.500.1.1_qa8.697678.697678.50.50.697678.2.0.1.50.11.30.1.50.50.50.50_qb9.31_dc_eh_ea48.697678.697678.56.0.0_ec_ed_ef_eg_r_fa0.500.500.500.500.65.56.0_fb7_fh_fk_fc5.697678.697678.5.697678.697678.500.FF0000.FF0000.500.500.500_fj_fd7.0.50.697678.56.75.50_fe67.61_ff0000000001_fg0.50.56.0.0.1.0.0_fi_pa3.0.0.0.40.63.85.85.0.0_t_ga0_gb1.0.10.40.65_gc55.0_ge0000000000_gh0_gf_gg_gd000000_ha92.92_hb490.1.500.990.990.490.500_hc0.100.340.0.100.340.500.500_hd34.1.1000.1000.2.600.500.50.1.61_ad0.0.0.0.0.0.0.0.0.0_ae1.0.0.0.0_ic_jc45.22.22.22.1_ie_ja_jb_jf_jg_kg_la_lb_oa_os_ob_oc_od36.60.43.34.0.0_oe_of_lc_m102.34.33.0.1.1.400.50.0.756.1.61.400.500.0.2.1.48.50.50_s_og12.454956.7.7_oh12.454956.7.7_oo_op_oq_or_om_on_ok_ol_oi_oj_f00_da697678_db_dd9.22.350.500.500.350.1.1_dh_di9_pb_pc11.697678.0.0.2.70.62_pd_pe_ia_if_ib_id_jd_je_ka15.20.20.0.0_kb_kc_kd_ke_kf_fv1.0,108**aa14.307.0.0.54.14.307.0.0.54.0.0_ab_ac_ba50_bb13.1_bc44.510.8.0.1.0_bd13_be1800_fa0.500.500.500.500.65.56.0_fb7_fh_fk_fc5.697678.697678.5.697678.697678.500.FF0000.FF0000.500.500.500_fj_ga0_gb1.0.10.40.65_gc55.0_ge0000000000_gh0_gf_gg_gd000000_ha92.92_hb490.1.500.990.990.490.500_hc0.100.340.0.100.340.500.500_hd34.1.1000.1000.2.600.500.50.1.61_ad0.0.0.0.0.0.0.0.0.0_ae1.0.0.0.0_ia_if_ib_id_ic_jc45.22.22.22.1_ie_ja_jb_jf_jg_jd_je_ka15.20.20.0.0_kb_kc_kd_ke_kf_kg_la_lb_oa_os_ob_oc_od36.60.43.34.0.0_oe_of_lc_m09137.21.0.0.0.3.1000.3178.494.453.3.61.-23.739.1.91.0.100.50.50_m1020.20.0.0.1.3.178.0.0.422.1.61.178.500.0.91.0.90.50.50_m11102.34.33.0.1.1.400.50.0.756.1.61.400.500.0.2.1.48.50.50_fv1.0
,Lewd Babdit,108**aa28.150.0.11.58.23.300.0.8.94.0.0_ab67.57.52.60_ac_ba50_bb5.1_bc150.50.0.0.1.0_bd19_be1800_bi0.0.100.100_bf_bg_bh1_ca550.3.450.550.340.340.63.0.0.0.60.80.1.1_cc500.500.500.500.500.500.500.500.1.1.0.0_cd500.500.500.500.500.500.500.500.1.1.0.0_ce500.500.500.500.500.500.500.500.1.1.1.1_cf0.500.500.500.500.0.500.500.500.500.1.1.1.1_cg0.500.500.500.500.0.500.500.500.500.1.1_ch0.500.500.500.500.0.500.500.500.500.1.1_da1_db_dd1.0.340.500.500.500.1.1_dh1.30.50.50.0_di9_qa_qb_dc1.1.0.1.1.0_eh7.40.100_ea7.40.40.56.0.0_ec27.440.40.40.56.410.680.0_ed22.370.1.1.40.56_ef_eg_r00_fa18.500.500.500.500.65.56.0_fb7_fh_fk_fc0.44.55.0.44.55.500.61.61.500.500.500_fj0.0.0_fd1.0.50.40.56.75.50_fe38.61_ff0000000000_fg0.50.56.0.0.1.0.0_fi_pa0.0.0.0.40.50.85.85.0.0_t00_pb_pc_pd_pe_ga0_gb1.0.10.40.65_gc0.0_ge0000000000_gh0_gf_gg_gd000000_ha82.82_hb490.1.500.990.990.490.500_hc2.24.0.2.24.0.500.500_hd1.1.750.670.2.600.500.50.1.61_ad0.0.0.0.0.0.0.0.0.0_ae1.0.0.0.0_ia_if_ib_id_ic_jc_ie_ja8.59.59.59_jb8.59.59.59_jf_jg_jd1.53.53.53.1.53.0.0_je1.53.53.53.1.53.0.0_ka19.55.55.39.0_kb18.55.55.39.0_kc_kd_ke_kf_kg_la_lb_oa_os_ob_oc_od1.59.56.0.0.0_oe_of_lc_m00_s00_og_oh_oo_op_oq_or_om_on_ok_ol_oi7.59.58.58.3_oj7.59.58.58.3_f00_fv1.0,108**aa14.307.0.0.54.14.307.0.0.54.0.0_ab_ac_ba50_bb13.1_bc44.510.8.0.1.0_bd13_be1800_bi0.0.100.100_bf_bg_bh1_ca550.3.450.550.340.340.63.0.0.0.60.80.1.1_cc500.500.500.500.500.500.500.500.1.1.0.0_cd500.500.500.500.500.500.500.500.1.1.0.0_ce500.500.500.500.500.500.500.500.1.1.1.1_cf0.500.500.500.500.0.500.500.500.500.1.1.1.1_cg0.500.500.500.500.0.500.500.500.500.1.1_ch0.500.500.500.500.0.500.500.500.500.1.1_qa_qb_dc1.1.0.1.1.0_eh7.40.100_ea7.40.40.56.0.0_ec27.440.40.40.56.410.680.0_ed22.370.1.1.40.56_ef_eg_r_fa0.500.500.500.500.65.56.0_fb7_fh_fk_fc5.697678.697678.5.697678.697678.500.FF0000.FF0000.500.500.500_fj_fd1.0.50.40.56.75.50_fe38.61_ff0000000000_fg0.50.56.0.0.1.0.0_fi_pa0.0.0.0.40.50.85.85.0.0_t_ga0_gb1.0.10.40.65_gc55.0_ge0000000000_gh0_gf_gg_gd000000_ha92.92_hb490.1.500.990.990.490.500_hc0.100.340.0.100.340.500.500_hd34.1.1000.1000.2.600.500.50.1.61_ad0.0.0.0.0.0.0.0.0.0_ae1.0.0.0.0_ic_jc45.22.22.22.1_ie_ja_jb_jf_jg_kg_la_lb_oa_os_ob_oc_od36.60.43.34.0.0_oe_of_lc_m102.34.33.0.1.1.400.50.0.756.1.61.400.500.0.2.1.48.50.50_s_og_oh_oo_op_oq_or_om_on_ok_ol_oi7.59.58.58.3_oj7.59.58.58.3_f00_da1_db_dd1.0.340.500.500.500.1.1_dh1.30.50.50.0_di9_pb_pc_pd_pe_ia_if_ib_id_jd_je_ka15.20.20.0.0_kb_kc_kd_ke_kf_fv1.0,
,MonkeyGirl,108**aa9.10.0.2.46.82.60.0.8.100.0.0_ab63.52.49.3_ac_ba50_bb37.1_bc237.50.8.0.1.0_bd37_be1800_bi0.0.100.100_bf_bg_bh1_ca440.9.450.440.340.600.63.0.450.0.60.80.1.1_cc500.500.500.500.500.500.500.500.1.1.0.0_cd500.500.500.500.500.500.500.500.1.1.0.0_ce500.500.500.500.500.500.500.500.1.1.1.1_cf0.500.500.500.500.0.500.500.500.500.1.1.1.1_cg0.500.500.500.500.0.500.500.500.500.1.1_ch0.500.500.500.500.0.500.500.500.500.1.1_da3_db_dd2.0.340.500.620.500.1.1_dh5.30.50.50.1_di9_qa_qb_dc2.1.5.5.5.0_eh7.44.100_ea12.44.44.56.0.0_ec_ed20.370.1.1.44.56_ef_eg_r00_fa19.500.500.500.500.65.56.0_fb7_fh_fk_fc5.51.55.5.51.55.500.61.61.500.500.500_fj32.0.0_fd1.0.50.44.56.75.50_fe38.61_ff0000000000_fg0.50.56.0.0.1.0.0_fi_pa0.44.1.55.40.50.85.85.0.0_t00_pb1.44.44.33.0_pc_pd_pe0.44.44.40.1.1.93_ga0_gb1.0.10.40.65_gc1.0_ge0000000000_gh0_gf_gg_gd000000_ha86.86_hb490.0.500.990.990.490.500_hc2.23.0.2.23.0.500.500_hd82.1.1000.1000.2.600.500.50.1.61_ad0.0.0.0.0.0.0.0.0.0_ae1.3.3.0.0_ia_if_ib_id_ic_jc_ie_ja_jb_jf_jg_jd_je_ka_kb_kc_kd_ke_kf_kg_la_lb_oa_os_ob_oc_od_oe_of_lc_m00_s00_og_oh_oo_op_oq_or_om_on_ok_ol_oi_oj_f00_fv1.0,108**aa14.307.0.0.54.14.307.0.0.54.0.0_ab_ac_ba50_bb13.1_bc44.510.8.0.1.0_bd13_be1800_bi0.0.100.100_bf_bg_bh1_ca440.9.450.440.340.600.63.0.450.0.60.80.1.1_cc500.500.500.500.500.500.500.500.1.1.0.0_cd500.500.500.500.500.500.500.500.1.1.0.0_ce500.500.500.500.500.500.500.500.1.1.1.1_cf0.500.500.500.500.0.500.500.500.500.1.1.1.1_cg0.500.500.500.500.0.500.500.500.500.1.1_ch0.500.500.500.500.0.500.500.500.500.1.1_qa_qb_dc2.1.5.5.5.0_eh7.44.100_ea12.44.44.56.0.0_ec_ed20.370.1.1.44.56_ef_eg_r_fa0.500.500.500.500.65.56.0_fb7_fh_fk_fc5.697678.697678.5.697678.697678.500.FF0000.FF0000.500.500.500_fj_fd1.0.50.44.56.75.50_fe38.61_ff0000000000_fg0.50.56.0.0.1.0.0_fi_pa0.44.1.55.40.50.85.85.0.0_t_ga0_gb1.0.10.40.65_gc55.0_ge0000000000_gh0_gf_gg_gd000000_ha92.92_hb490.1.500.990.990.490.500_hc0.100.340.0.100.340.500.500_hd34.1.1000.1000.2.600.500.50.1.61_ad0.0.0.0.0.0.0.0.0.0_ae1.0.0.0.0_ic_jc45.22.22.22.1_ie_ja_jb_jf_jg_kg_la_lb_oa_os_ob_oc_od36.60.43.34.0.0_oe_of_lc_m102.34.33.0.1.1.400.50.0.756.1.61.400.500.0.2.1.48.50.50_s_og_oh_oo_op_oq_or_om_on_ok_ol_oi_oj_f00_da3_db_dd2.0.340.500.620.500.1.1_dh5.30.50.50.1_di9_pb1.44.44.33.0_pc_pd_pe0.44.44.40.1.1.93_ia_if_ib_id_jd_je_ka15.20.20.0.0_kb_kc_kd_ke_kf_fv1.0,
,Spirit,108**aa17.20.1.4.84.17.20.1.4.84.0.0_ab_ac_ba50_bb16.1_bc325.50.8.0.1.0_bd16_be1800_bi0.0.100.100_bf0.11.0.1.0.100.23.34.34.740.10_bg_bh1_ca570.0.450.570.340.340.34.0.0.0.60.80.1.1_cc500.500.500.500.500.500.500.500.1.1.0.0_cd500.500.500.500.500.500.500.500.1.1.0.0_ce500.500.500.500.500.500.500.500.1.1.1.1_cf0.500.500.500.500.0.500.500.500.500.1.1.1.1_cg0.500.500.500.500.0.500.500.500.500.1.1_ch0.500.500.500.500.0.500.500.500.500.1.1_da2_db_dd1.0.340.500.500.500.1.1_dh2.30.50.50.0_di9_qa_qb_dc0.1.0.1.1.0_eh4.7E13EB.100_ea20.7E13EB.3A086C.56.0.0_ec11.190.7E13EB.3A086C.56.140.610.0_ed1.350.0.1.3A086C.56_ef_eg_r00_fa8.500.500.500.500.65.56.0_fb7_fh_fk_fc0.B905B0.55.0.B905B0.55.500.61.61.500.500.500_fj0.0.0_fd1.0.50.7E13EB.56.75.50_fe50.61_ff0000000000_fg0.50.56.0.0.1.0.0_fi_pa0.0.0.0.40.50.85.85.0.0_t00_pb_pc_pd_pe_ga0_gb1.0.10.40.65_gc1.0_ge0000000000_gh0_gf_gg_gd000000_ha92.92_hb490.1.500.990.990.490.500_hc0.81.0.0.81.0.500.500_hd0.1.590.550.2.600.500.50.1.61_ad0.0.0.0.0.0.0.0.0.0_ae1.3.3.0.0_ia_if_ib_id_ic_jc_ie_ja_jb_jf_jg_jd5.16.16.53.1.60.0.0_je5.16.16.53.1.60.0.0_ka_kb7.60.59.59.0_kc_kd_ke_kf_kg_la_lb_oa_os_ob_oc_od_oe_of_lc_m00_s00_og_oh_oo_op_oq_or_om_on_ok_ol_oi_oj_f00_fv1.0,108**aa14.307.0.0.54.14.307.0.0.54.0.0_ab_ac_ba50_bb13.1_bc44.510.8.0.1.0_bd13_be1800_bi0.0.100.100_bf0.11.0.1.0.100.23.34.34.740.10_bg_bh1_ca570.0.450.570.340.340.34.0.0.0.60.80.1.1_cc500.500.500.500.500.500.500.500.1.1.0.0_cd500.500.500.500.500.500.500.500.1.1.0.0_ce500.500.500.500.500.500.500.500.1.1.1.1_cf0.500.500.500.500.0.500.500.500.500.1.1.1.1_cg0.500.500.500.500.0.500.500.500.500.1.1_ch0.500.500.500.500.0.500.500.500.500.1.1_qa_qb_dc0.1.0.1.1.0_eh4.7E13EB.100_ea20.7E13EB.3A086C.56.0.0_ec11.190.7E13EB.3A086C.56.140.610.0_ed1.350.0.1.3A086C.56_ef_eg_r_fa0.500.500.500.500.65.56.0_fb7_fh_fk_fc5.697678.697678.5.697678.697678.500.FF0000.FF0000.500.500.500_fj_fd1.0.50.7E13EB.56.75.50_fe50.61_ff0000000000_fg0.50.56.0.0.1.0.0_fi_pa0.0.0.0.40.50.85.85.0.0_t_ga0_gb1.0.10.40.65_gc55.0_ge0000000000_gh0_gf_gg_gd000000_ha92.92_hb490.1.500.990.990.490.500_hc0.100.340.0.100.340.500.500_hd34.1.1000.1000.2.600.500.50.1.61_ad0.0.0.0.0.0.0.0.0.0_ae1.0.0.0.0_ic_jc45.22.22.22.1_ie_ja_jb_jf_jg_kg_la_lb_oa_os_ob_oc_od36.60.43.34.0.0_oe_of_lc_m102.34.33.0.1.1.400.50.0.756.1.61.400.500.0.2.1.48.50.50_s_og_oh_oo_op_oq_or_om_on_ok_ol_oi_oj_f00_da2_db_dd1.0.340.500.500.500.1.1_dh2.30.50.50.0_di9_pb_pc_pd_pe_ia_if_ib_id_jd_je_ka15.20.20.0.0_kb_kc_kd_ke_kf_fv1.0,
,Cockatrice,108**aa19.170.0.8.100.19.170.0.8.100.0.0_ab_ac_ba50_bb43.1_bc412.50.8.0.1.0_bd45_be1800_bi0.0.100.100_bf_bg_bh1_ca430.15.450.430.340.340.63.0.0.0.60.80.1.1_cc500.500.500.500.500.500.500.500.1.1.0.0_cd500.500.500.500.500.500.500.500.1.1.0.0_ce500.500.500.500.500.500.500.500.1.1.1.1_cf0.500.500.500.500.0.500.500.500.500.1.1.1.1_cg0.500.500.500.500.0.500.500.500.500.1.1_ch0.500.500.500.500.0.500.500.500.500.1.1_daF5E2D5_db_dd10.0.340.500.500.500.1.1_dhF5E2D5.30.50.50.0_di6_qa_qb_dc1.1.0.1.1.0_eh_ea54.5.5.56.0.0_ec22.440.5.5.56.410.680.0_ed19.370.1.1.5.56_ef_eg_r00_fa5.500.500.500.500.65.56.0_fb7_fh_fk_fc13.38.55.13.38.55.500.61.61.500.500.500_fj5.0.0_fd1.0.50.5.56.75.50_fe38.61_ff0000000000_fg0.50.56.0.0.1.0.0_fi_pa0.5.0.0.40.50.85.85.0.0_t00_pb_pc_pd7.EBEBEB.EBEBEB.0.3.3.50.1.60_pe_ga0_gb1.0.10.40.65_gc1.0_ge0000000000_gh0_gf_gg_gd000000_ha82.82_hb490.1.500.990.990.490.500_hc1.100.0.1.100.0.500.500_hd38.1.750.670.2.600.500.50.1.61_ad0.0.0.0.0.0.0.0.0.0_ae1.3.3.0.0_ia_if_ib_id_ic_jc_ie_ja34.55.43.0_jb34.55.43.0_jf_jg_jd23.43.55.0.2.55.0.0_je23.43.55.0.2.55.0.0_ka_kb_kc_kd_ke_kf_kg_la_lb_oa_os_ob_oc_od26.55.0.0.0.0_oe_of3.43.0.0.1_lc_m004.43.0.0.0.1.290.350.600.702.4.61.290.500.0.0.1.100.50.50_s00_og_oh_oo_op_oq_or_om_on_ok_ol_oi_oj_f00_fv1.0,108**aa14.307.0.0.54.14.307.0.0.54.0.0_ab_ac_ba50_bb13.1_bc44.510.8.0.1.0_bd13_be1800_bi0.0.100.100_bf_bg_bh1_ca430.15.450.430.340.340.63.0.0.0.60.80.1.1_cc500.500.500.500.500.500.500.500.1.1.0.0_cd500.500.500.500.500.500.500.500.1.1.0.0_ce500.500.500.500.500.500.500.500.1.1.1.1_cf0.500.500.500.500.0.500.500.500.500.1.1.1.1_cg0.500.500.500.500.0.500.500.500.500.1.1_ch0.500.500.500.500.0.500.500.500.500.1.1_qa_qb_dc1.1.0.1.1.0_eh_ea54.5.5.56.0.0_ec22.440.5.5.56.410.680.0_ed19.370.1.1.5.56_ef_eg_r_fa0.500.500.500.500.65.56.0_fb7_fh_fk_fc5.697678.697678.5.697678.697678.500.FF0000.FF0000.500.500.500_fj_fd1.0.50.5.56.75.50_fe38.61_ff0000000000_fg0.50.56.0.0.1.0.0_fi_pa0.5.0.0.40.50.85.85.0.0_t_ga0_gb1.0.10.40.65_gc55.0_ge0000000000_gh0_gf_gg_gd000000_ha92.92_hb490.1.500.990.990.490.500_hc0.100.340.0.100.340.500.500_hd34.1.1000.1000.2.600.500.50.1.61_ad0.0.0.0.0.0.0.0.0.0_ae1.0.0.0.0_ic_jc45.22.22.22.1_ie_ja_jb_jf_jg_kg_la_lb_oa_os_ob_oc_od36.60.43.34.0.0_oe_of_lc_m102.34.33.0.1.1.400.50.0.756.1.61.400.500.0.2.1.48.50.50_s_og_oh_oo_op_oq_or_om_on_ok_ol_oi_oj_f00_da_db_dd10.0.340.500.500.500.1.1_dh30.50.50.0_di6_pb_pc_pd7.EBEBEB.EBEBEB.0.3.3.50.1.60_pe_ia_if_ib_id_jd_je_ka15.20.20.0.0_kb_kc_kd_ke_kf_fv1.0,
,Hypnostist,108**aa8.60.0.7.71.14.100.0.11.0.0.0_ab36.53.43.52_ac_ba50_bb13.1_bc500.50.8.0.1.0_bd4_be1800_bi0.0.100.100_bf_bg_bh1_ca560.0.500.610.340.0.50.380.0.0.60.80.1.1_cc500.500.500.500.500.500.500.500.1.1.0.0_cd500.500.500.500.500.500.500.500.1.1.0.0_ce500.500.500.500.500.500.500.500.1.1.1.1_cf0.500.500.500.500.0.500.500.500.500.1.1.1.1_cg0.500.500.500.500.0.500.500.500.500.1.1_ch0.500.500.500.500.0.500.500.500.500.1.1_da3_db_dd2.0.340.500.500.500.1.1_dh3.30.50.50.0_di8_qa_qb_dc1.1.3.3.3.0_eh_ea24.12.12.56.0.0_ec_ed16.500.1.0.12.56_ef11.1.140.12.12.56.500.1_eg11.1.140.12.12.56.500.1_r00_fa2.500.500.500.500.65.56.0_fb7_fh_fk_fc83.55.55.83.55.55.500.61.61.500.500.500_fj13.0.0_fd1.0.50.12.56.75.50_fe38.61_ff0000000000_fg0.50.56.DBC1D6.56.1.0.0_fi_pa0.12.DBC1D6.0.40.50.85.85.0.0_t00_pb_pc_pd_pe_ga0_gb1.0.10.40.65_gc1.0_ge0000000000_gh0_gf_gg_gd000000_ha95.95_hb490.1.500.1000.1000.490.500_hc0.52.290.0.52.290.500.500_hd26.1.1000.1000.2.600.500.50.1.61_ad0.0.0.0.0.0.0.0.0.0_ae1.0.0.0.0_ia_if_ib_id12.16.56.42.0.0.1.1.55.55.1.55.55.8.0.0.0.0.1.0.0.0.0.0_ic_jc0.55.26.26.1_ie_ja_jb_jf_jg_jd1.16.16.16.6.16.0.0_je1.16.16.16.6.16.0.0_ka_kb_kc_kd_ke_kf_kg_la_lb_oa_os_ob_oc_od_oe_of_lc_m00_s00_og_oh_oo_op_oq_or_om_on_ok_ol_oi_oj_f00_fv1.0,108**aa14.307.0.0.54.14.307.0.0.54.0.0_ab_ac_ba50_bb13.1_bc44.510.8.0.1.0_bd13_be1800_bi0.0.100.100_bf_bg_bh1_ca560.0.500.610.340.0.50.380.0.0.60.80.1.1_cc500.500.500.500.500.500.500.500.1.1.0.0_cd500.500.500.500.500.500.500.500.1.1.0.0_ce500.500.500.500.500.500.500.500.1.1.1.1_cf0.500.500.500.500.0.500.500.500.500.1.1.1.1_cg0.500.500.500.500.0.500.500.500.500.1.1_ch0.500.500.500.500.0.500.500.500.500.1.1_qa_qb_dc1.1.3.3.3.0_eh_ea24.12.12.56.0.0_ec_ed16.500.1.0.12.56_ef11.1.140.12.12.56.500.1_eg11.1.140.12.12.56.500.1_r_fa0.500.500.500.500.65.56.0_fb7_fh_fk_fc5.697678.697678.5.697678.697678.500.FF0000.FF0000.500.500.500_fj_fd1.0.50.12.56.75.50_fe38.61_ff0000000000_fg0.50.56.DBC1D6.56.1.0.0_fi_pa0.12.DBC1D6.0.40.50.85.85.0.0_t_ga0_gb1.0.10.40.65_gc55.0_ge0000000000_gh0_gf_gg_gd000000_ha92.92_hb490.1.500.990.990.490.500_hc0.100.340.0.100.340.500.500_hd34.1.1000.1000.2.600.500.50.1.61_ad0.0.0.0.0.0.0.0.0.0_ae1.0.0.0.0_ic_jc45.22.22.22.1_ie_ja_jb_jf_jg_kg_la_lb_oa_os_ob_oc_od36.60.43.34.0.0_oe_of_lc_m102.34.33.0.1.1.400.50.0.756.1.61.400.500.0.2.1.48.50.50_s_og_oh_oo_op_oq_or_om_on_ok_ol_oi_oj_f00_da3_db_dd2.0.340.500.500.500.1.1_dh3.30.50.50.0_di8_pb_pc_pd_pe_ia_if_ib_id_jd_je_ka15.20.20.0.0_kb_kc_kd_ke_kf_fv1.0,
,Puppeteer,108**aa41.60.0.4.0.41.60.0.4.0.0.0_ab_ac_ba50_bb43.1_bc587.50.8.140.1.0_bd7_be1800_bi0.0.100.100_bf_bg_bh1_ca230.15.450.230.340.340.63.0.0.0.60.80.1.1_cc500.500.500.500.500.500.500.500.1.1.0.0_cd500.500.500.500.500.500.500.500.1.1.0.0_ce500.500.500.500.500.500.500.500.1.1.1.1_cf0.500.500.500.500.0.500.500.500.500.1.1.1.1_cg0.500.500.500.500.0.500.500.500.500.1.1_ch0.500.500.500.500.0.500.500.500.500.1.1_da1_db_dd1.0.340.500.600.500.1.1_dh1.30.50.50.0_di6_qa_qb_dc1.1.0.1.1.0_eh_ea37.11.11.56.0.0_ec6.220.11.11.56.400.660.0_ed23.1000.1.1.11.56_ef_eg_r00_fa14.500.500.500.500.65.56.0_fb7_fh_fk_fc3.10.55.3.10.55.500.61.61.500.500.500_fj0.0.0_fd1.0.50.11.56.75.50_fe38.61_ff0000000000_fg0.50.56.0.0.1.0.0_fi_pa0.11.1.55.40.50.85.85.0.0_t00_pb_pc_pd_pe_ga0_gb1.0.10.40.65_gc1.0_ge0000000000_gh0_gf_gg_gd000000_ha82.82_hb490.1.500.990.990.490.500_hc0.24.0.0.24.0.500.500_hd1.1.750.670.2.600.500.50.1.61_ad0.0.0.0.0.0.0.0.0.0_ae1.0.0.0.0_ia_if_ib_id9.13.55.6.0.0.1.29.55.0.29.55.0.26.0.0.0.0.1.0.0.0.0.0_ic_jc_ie_ja_jb_jf_jg_jd_je_ka_kb_kc_kd_ke_kf_kg_la_lb_oa_os_ob_oc_od_oe_of22.13.11.18.0_lc_m00_s00_og_oh_oo_op_oq_or_om_on_ok_ol_oi_oj_f00_fv1.0,108**aa14.307.0.0.54.14.307.0.0.54.0.0_ab_ac_ba50_bb13.1_bc44.510.8.0.1.0_bd13_be1800_bi0.0.100.100_bf_bg_bh1_ca230.15.450.230.340.340.63.0.0.0.60.80.1.1_cc500.500.500.500.500.500.500.500.1.1.0.0_cd500.500.500.500.500.500.500.500.1.1.0.0_ce500.500.500.500.500.500.500.500.1.1.1.1_cf0.500.500.500.500.0.500.500.500.500.1.1.1.1_cg0.500.500.500.500.0.500.500.500.500.1.1_ch0.500.500.500.500.0.500.500.500.500.1.1_qa_qb_dc1.1.0.1.1.0_eh_ea37.11.11.56.0.0_ec6.220.11.11.56.400.660.0_ed23.1000.1.1.11.56_ef_eg_r_fa0.500.500.500.500.65.56.0_fb7_fh_fk_fc5.697678.697678.5.697678.697678.500.FF0000.FF0000.500.500.500_fj_fd1.0.50.11.56.75.50_fe38.61_ff0000000000_fg0.50.56.0.0.1.0.0_fi_pa0.11.1.55.40.50.85.85.0.0_t_ga0_gb1.0.10.40.65_gc55.0_ge0000000000_gh0_gf_gg_gd000000_ha92.92_hb490.1.500.990.990.490.500_hc0.100.340.0.100.340.500.500_hd34.1.1000.1000.2.600.500.50.1.61_ad0.0.0.0.0.0.0.0.0.0_ae1.0.0.0.0_ic_jc45.22.22.22.1_ie_ja_jb_jf_jg_kg_la_lb_oa_os_ob_oc_od36.60.43.34.0.0_oe_of_lc_m102.34.33.0.1.1.400.50.0.756.1.61.400.500.0.2.1.48.50.50_s_og_oh_oo_op_oq_or_om_on_ok_ol_oi_oj_f00_da1_db_dd1.0.340.500.600.500.1.1_dh1.30.50.50.0_di6_pb_pc_pd_pe_ia_if_ib_id_jd_je_ka15.20.20.0.0_kb_kc_kd_ke_kf_fv1.0,
,Bandit Puppet,108**aa28.150.0.11.58.23.300.0.8.94.0.0_ab67.57.52.60_ac_ba50_bb5.1_bc675.50.8.0.1.0_bd19_be1800_bi0.0.100.100_bf_bg_bh1_ca550.3.450.550.340.340.63.0.0.0.60.80.1.1_cc500.500.500.500.500.500.500.500.1.1.0.0_cd500.500.500.500.500.500.500.500.1.1.0.0_ce500.500.500.500.500.500.500.500.1.1.1.1_cf0.500.500.500.500.0.500.500.500.500.1.1.1.1_cg0.500.500.500.500.0.500.500.500.500.1.1_ch0.500.500.500.500.0.500.500.500.500.1.1_daFAE4D0_db_dd9.0.340.500.500.500.1.1_dhFAE4D0.30.50.50.0_di9_qa_qb_dc1.1.0.1.1.0_eh7.40.100_ea7.40.40.56.0.0_ec27.440.40.40.56.410.680.0_ed22.370.1.1.40.56_ef_eg_r00_fa18.500.500.500.500.65.56.0_fb7_fh_fk_fc28.44.55.28.44.55.500.61.61.500.500.500_fj_fd1.0.50.40.56.75.50_fe38.61_ff0000000000_fg0.50.56.0.0.1.0.0_fi_pa0.11.1.55.40.50.85.85.0.0_t0015.61.61.61.170.60.900.542.290.0.500.0.100.0.0.50.50_t010.1.1.0.100.100.0.620.360.0.500.0.100.0.0.50.50_pb_pc_pd_pe_ga0_gb1.0.10.40.65_gc0.0_ge0000000000_gh0_gf_gg_gd000000_ha95.95_hb490.1.500.990.990.490.500_hc0.55.450.0.55.450.500.500_hd0.1.820.1000.2.600.500.50.1.61_ad0.0.0.0.0.0.0.0.0.0_ae1.0.0.0.0_ia_if_ib_id9.13.55.6.0.0.1.29.55.0.29.55.0.26.0.0.0.0.1.0.0.0.0.0_ic_jc0.FAE4D0.0.0.1_ie_ja33.FAE4D0.FAE4D0.FAE4D0_jb33.FAE4D0.FAE4D0.FAE4D0_jf_jg_jd_je_ka_kb_kc_kd_ke_kf_kg_la_lb_oa_os_ob_oc_od_oe_of22.13.11.18.0_lc_m00_s00_og_oh_oo_op_oq_or_om_on_ok0.FAE4D0.FAE4D0.0_ol0.FAE4D0.FAE4D0.0_oi0.FAE4D0.FAE4D0.58.0_oj0.FAE4D0.FAE4D0.58.0_f00_fv1.0,108**aa14.307.0.0.54.14.307.0.0.54.0.0_ab_ac_ba50_bb13.1_bc44.510.8.0.1.0_bd13_be1800_bi0.0.100.100_bf_bg_bh1_ca550.3.450.550.340.340.63.0.0.0.60.80.1.1_cc500.500.500.500.500.500.500.500.1.1.0.0_cd500.500.500.500.500.500.500.500.1.1.0.0_ce500.500.500.500.500.500.500.500.1.1.1.1_cf0.500.500.500.500.0.500.500.500.500.1.1.1.1_cg0.500.500.500.500.0.500.500.500.500.1.1_ch0.500.500.500.500.0.500.500.500.500.1.1_qa_qb_dc1.1.0.1.1.0_eh7.40.100_ea7.40.40.56.0.0_ec27.440.40.40.56.410.680.0_ed22.370.1.1.40.56_ef_eg_r_fa0.500.500.500.500.65.56.0_fb7_fh_fk_fc5.697678.697678.5.697678.697678.500.FF0000.FF0000.500.500.500_fj_fd1.0.50.40.56.75.50_fe38.61_ff0000000000_fg0.50.56.0.0.1.0.0_fi_pa0.11.1.55.40.50.85.85.0.0_t0.1.1.0.100.100.0.620.360.0.500.0.100.0.0.50.50_ga0_gb1.0.10.40.65_gc55.0_ge0000000000_gh0_gf_gg_gd000000_ha92.92_hb490.1.500.990.990.490.500_hc0.100.340.0.100.340.500.500_hd34.1.1000.1000.2.600.500.50.1.61_ad0.0.0.0.0.0.0.0.0.0_ae1.0.0.0.0_ic_jc45.22.22.22.1_ie_ja_jb_jf_jg_kg_la_lb_oa_os_ob_oc_od36.60.43.34.0.0_oe_of_lc_m102.34.33.0.1.1.400.50.0.756.1.61.400.500.0.2.1.48.50.50_s_og_oh_oo_op_oq_or_om_on_ok0.FAE4D0.FAE4D0.0_ol0.FAE4D0.FAE4D0.0_oi0.FAE4D0.FAE4D0.58.0_oj0.FAE4D0.FAE4D0.58.0_f00_da_db_dd9.0.340.500.500.500.1.1_dh30.50.50.0_di9_pb_pc_pd_pe_ia_if_ib_id_jd_je_ka15.20.20.0.0_kb_kc_kd_ke_kf_fv1.0,
,Collar Monger,108**aa19.0.0.0.58.23.300.0.8.94.0.0_ab42.57.58.57_ac_ba50_bb20.1_bc762.50.8.0.1.0_bd17_be1800_bi0.0.100.100_bf_bg_bh1_ca550.1.450.550.340.340.63.0.0.0.60.80.1.1_cc500.500.500.500.500.500.500.500.1.1.0.0_cd500.500.500.500.500.500.500.500.1.1.0.0_ce500.500.500.500.500.500.500.500.1.1.1.1_cf0.500.500.500.500.0.500.500.500.500.1.1.1.1_cg0.500.500.500.500.0.500.500.500.500.1.1_ch0.500.500.500.500.0.500.500.500.500.1.1_da1_db_dd0.0.340.500.500.500.1.1_dh1.30.50.50.0_di7_qa6.1.1.50.50.1.0.0.1.50.11.30.1.50.50.50.50_qb1.100_dc1.1.0.1.1.0_eh7.19.100_ea36.19.51.56.1.0_ec_ed55.0.1.1.19.56_ef_eg_r00_fa11.500.500.500.500.65.56.0_fb7_fh_fk_fc0.60.55.0.60.55.500.61.61.500.500.500_fj0.0.0_fd1.0.50.19.56.75.50_fe38.61_ff0000000000_fg0.50.56.0.0.1.0.0_fi_pa0.19.0.0.40.50.85.85.0.0_t00_pb_pc_pd_pe_ga0_gb1.0.10.40.65_gc1.0_ge0000000000_gh0_gf_gg_gd000000_ha82.82_hb490.1.500.990.990.490.500_hc1.46.0.1.46.0.500.500_hd35.1.700.1000.2.600.500.50.1.61_ad0.0.0.0.0.0.0.0.0.0_ae1.0.0.0.0_ia_if_ib_id_ic_jc_ie_ja_jb_jf_jg_jd_je_ka16.18.40.36.0_kb16.18.40.36.0_kc_kd_ke_kf_kg_la_lb_oa_os_ob_oc_od36.60.43.59.0.0_oe_of_lc_m00_s00_og_oh_oo_op_oq_or_om_on_ok_ol_oi_oj_f00_fv1.0,108**aa14.307.0.0.54.14.307.0.0.54.0.0_ab_ac_ba50_bb13.1_bc44.510.8.0.1.0_bd13_be1800_bi0.0.100.100_bf_bg_bh1_ca550.1.450.550.340.340.63.0.0.0.60.80.1.1_cc500.500.500.500.500.500.500.500.1.1.0.0_cd500.500.500.500.500.500.500.500.1.1.0.0_ce500.500.500.500.500.500.500.500.1.1.1.1_cf0.500.500.500.500.0.500.500.500.500.1.1.1.1_cg0.500.500.500.500.0.500.500.500.500.1.1_ch0.500.500.500.500.0.500.500.500.500.1.1_qa6.1.1.50.50.1.0.0.1.50.11.30.1.50.50.50.50_qb1.100_dc1.1.0.1.1.0_eh7.19.100_ea36.19.51.56.1.0_ec_ed55.0.1.1.19.56_ef_eg_r_fa0.500.500.500.500.65.56.0_fb7_fh_fk_fc5.697678.697678.5.697678.697678.500.FF0000.FF0000.500.500.500_fj_fd1.0.50.19.56.75.50_fe38.61_ff0000000000_fg0.50.56.0.0.1.0.0_fi_pa0.19.0.0.40.50.85.85.0.0_t_ga0_gb1.0.10.40.65_gc55.0_ge0000000000_gh0_gf_gg_gd000000_ha92.92_hb490.1.500.990.990.490.500_hc0.100.340.0.100.340.500.500_hd34.1.1000.1000.2.600.500.50.1.61_ad0.0.0.0.0.0.0.0.0.0_ae1.0.0.0.0_ic_jc45.22.22.22.1_ie_ja_jb_jf_jg_kg_la_lb_oa_os_ob_oc_od36.60.43.34.0.0_oe_of_lc_m102.34.33.0.1.1.400.50.0.756.1.61.400.500.0.2.1.48.50.50_s_og_oh_oo_op_oq_or_om_on_ok_ol_oi_oj_f00_da1_db_dd0.0.340.500.500.500.1.1_dh1.30.50.50.0_di7_pb_pc_pd_pe_ia_if_ib_id_jd_je_ka15.20.20.0.0_kb_kc_kd_ke_kf_fv1.0,
,Magistrate,108**aa6.10.0.3.73.23.130.0.7.66.0.0_ab_ac2.36.60.59_ba50_bb5.1_bc850.50.8.0.1.0_bd13_be1800_bi0.0.100.100_bf_bg_bh1_ca550.1.450.550.340.340.63.0.0.0.60.80.1.1_cc500.500.500.500.500.500.500.500.1.1.0.0_cd500.500.500.500.500.500.500.500.1.1.0.0_ce500.500.500.500.500.500.500.500.1.1.1.1_cf0.500.500.500.500.0.500.500.500.500.1.1.1.1_cg0.500.500.500.500.0.500.500.500.500.1.1_ch0.500.500.500.500.0.500.500.500.500.1.1_da1_db_dd0.0.340.500.500.500.1.1_dh1.30.50.50.0_di7_qa_qb_dc1.1.0.1.1.0_eh2.15.100_ea2.15.15.56.0.0_ec_ed_ef17.1.310.15.15.56.0.1_eg17.1.310.15.15.56.0.1_r00_fa9.500.500.500.500.65.56.0_fb7_fh_fk_fc0.34.55.0.34.55.500.61.61.500.500.500_fj0.0.0_fd1.0.50.15.56.75.50_fe38.61_ff0000000000_fg0.50.56.0.0.1.0.0_fi_pa0.15.0.0.40.50.85.85.0.0_t00_pb_pc_pd3.15.15.51.3.3.19.1.61_pe_ga0_gb1.0.10.40.65_gc2.0_ge0000000000_gh0_gf_gg_gd000000_ha82.82_hb490.1.500.990.990.490.500_hc0.0.440.0.0.440.500.500_hd27.1.1000.1000.2.600.500.50.1.61_ad0.0.0.0.0.0.0.0.0.0_ae1.0.0.0.0_ia_if_ib_id6.23.43.44.0.0.1.16.23.43.16.23.43.26.0.0.0.0.1.0.0.0.0.0_ic_jc0.23.26.26.1_ie_ja_jb_jf_jg_jd8.24.26.3.1.60.0.0_je8.24.26.3.1.60.0.0_ka8.23.23.59.0_kb8.23.23.59.0_kc_kd_ke_kf_kg_la_lb27.60.61.0.1.0.50.1_oa_os_ob_oc_od_oe_of_lc15.57.34.3.0_m00_s00_og_oh_oo_op_oq_or_om_on_ok_ol_oi_oj_f00_fv1.0,108**aa14.307.0.0.54.14.307.0.0.54.0.0_ab_ac_ba50_bb13.1_bc44.510.8.0.1.0_bd13_be1800_bi0.0.100.100_bf_bg_bh1_ca550.1.450.550.340.340.63.0.0.0.60.80.1.1_cc500.500.500.500.500.500.500.500.1.1.0.0_cd500.500.500.500.500.500.500.500.1.1.0.0_ce500.500.500.500.500.500.500.500.1.1.1.1_cf0.500.500.500.500.0.500.500.500.500.1.1.1.1_cg0.500.500.500.500.0.500.500.500.500.1.1_ch0.500.500.500.500.0.500.500.500.500.1.1_qa_qb_dc1.1.0.1.1.0_eh2.15.100_ea2.15.15.56.0.0_ec_ed_ef17.1.310.15.15.56.0.1_eg17.1.310.15.15.56.0.1_r_fa0.500.500.500.500.65.56.0_fb7_fh_fk_fc5.697678.697678.5.697678.697678.500.FF0000.FF0000.500.500.500_fj_fd1.0.50.15.56.75.50_fe38.61_ff0000000000_fg0.50.56.0.0.1.0.0_fi_pa0.15.0.0.40.50.85.85.0.0_t_ga0_gb1.0.10.40.65_gc55.0_ge0000000000_gh0_gf_gg_gd000000_ha92.92_hb490.1.500.990.990.490.500_hc0.100.340.0.100.340.500.500_hd34.1.1000.1000.2.600.500.50.1.61_ad0.0.0.0.0.0.0.0.0.0_ae1.0.0.0.0_ic_jc45.22.22.22.1_ie_ja_jb_jf_jg_kg_la_lb_oa_os_ob_oc_od36.60.43.34.0.0_oe_of_lc_m102.34.33.0.1.1.400.50.0.756.1.61.400.500.0.2.1.48.50.50_s_og_oh_oo_op_oq_or_om_on_ok_ol_oi_oj_f00_da1_db_dd0.0.340.500.500.500.1.1_dh1.30.50.50.0_di7_pb_pc_pd3.15.15.51.3.3.19.1.61_pe_ia_if_ib_id_jd_je_ka15.20.20.0.0_kb_kc_kd_ke_kf_fv1.0,
,Arachne,108**aa29.70.0.11.13.23.70.0.11.13.0.0_ab_ac_ba50_bb94.1_bc237.50.12.0.1.0_bd5_be1800_bi0.0.100.100_bf_bg_bh1_ca550.15.450.550.340.340.63.0.0.0.60.80.1.1_cc500.500.500.500.500.500.500.500.1.1.0.0_cd500.500.500.500.500.500.500.500.1.1.0.0_ce500.500.500.500.500.500.500.500.1.1.1.1_cf0.500.500.500.500.0.500.500.500.500.1.1.1.1_cg0.500.500.500.500.0.500.500.500.500.1.1_ch0.500.500.500.500.0.500.500.500.500.1.1_da5_db_dd1.0.340.500.500.500.1.1_dh5.30.50.50.0_di10_qa_qb_dc2.1.0.1.1.1_eh7.3F463E.100_ea53.3F463E.3F463E.56.0.0_ec15.440.3F463E.3F463E.56.410.680.0_ed6.370.1.1.3F463E.56_ef_eg_r0036.3F463E.3F463E.56.0.0.630.630.3230.782.527.1.2.500.1.0.0.100.50.50_r0136.3F463E.3F463E.56.0.0.500.500.3600.848.129.0.2.500.1.0.0.100.50.50_r027.3F463E.3F463E.56.0.0.500.500.1360.778.555.0.2.500.1.0.0.100.50.50_r037.3F463E.3F463E.56.0.0.500.500.1720.560.77.0.2.500.1.0.0.100.50.50_fa1.500.500.500.500.65.56.0_fb7_fh_fk136_fc4.61.55.4.61.55.500.14FF00.14FF00.500.500.500_fj4.0.0_fd1.0.50.3F463E.56.75.50_fe38.61_ff0000000000_fg0.50.56.0.0.1.0.0_fi_pa0.3F463E.0.0.40.50.85.85.0.0_t00_pb_pc17.3F463E.3F463E.0.2.50.50_pd_pe_ga0_gb1.0.10.40.65_gc1.0_ge0000000000_gh0_gf_gg_gd000000_ha85.85_hb490.1.500.990.990.490.500_hc2.24.0.2.24.0.500.500_hd1.1.750.670.2.600.500.50.1.61_ad0.0.0.0.0.0.0.0.0.0_ae1.0.0.0.0_ia_if_ib_id_ic_jc_ie_ja19.56.1.55_jb19.56.1.55_jf_jg_jd_je_ka39.56.55.47.0_kb28.56.55.47.0_kc_kd_ke_kf_kg_la_lb_oa_os_ob_oc_od0.56.57.15.0.0_oe_of_lc_m00_s00_og_oh_oo_op_oq_or_om_on_ok_ol_oi9.56.56.59.4_oj9.56.56.59.4_f00_fv1.0,108**aa14.307.0.0.54.14.307.0.0.54.0.0_ab_ac_ba50_bb13.1_bc44.510.8.0.1.0_bd13_be1800_bi0.0.100.100_bf_bg_bh1_ca550.15.450.550.340.340.63.0.0.0.60.80.1.1_cc500.500.500.500.500.500.500.500.1.1.0.0_cd500.500.500.500.500.500.500.500.1.1.0.0_ce500.500.500.500.500.500.500.500.1.1.1.1_cf0.500.500.500.500.0.500.500.500.500.1.1.1.1_cg0.500.500.500.500.0.500.500.500.500.1.1_ch0.500.500.500.500.0.500.500.500.500.1.1_qa_qb_dc2.1.0.1.1.1_eh7.3F463E.100_ea53.3F463E.3F463E.56.0.0_ec15.440.3F463E.3F463E.56.410.680.0_ed6.370.1.1.3F463E.56_ef_eg_r7.3F463E.3F463E.56.0.0.500.500.1720.560.77.0.2.500.1.0.0.100.50.50_fa0.500.500.500.500.65.56.0_fb7_fh_fk_fc5.697678.697678.5.697678.697678.500.FF0000.FF0000.500.500.500_fj_fd1.0.50.3F463E.56.75.50_fe38.61_ff0000000000_fg0.50.56.0.0.1.0.0_fi_pa0.3F463E.0.0.40.50.85.85.0.0_t_ga0_gb1.0.10.40.65_gc55.0_ge0000000000_gh0_gf_gg_gd000000_ha92.92_hb490.1.500.990.990.490.500_hc0.100.340.0.100.340.500.500_hd34.1.1000.1000.2.600.500.50.1.61_ad0.0.0.0.0.0.0.0.0.0_ae1.0.0.0.0_ic_jc45.22.22.22.1_ie_ja_jb_jf_jg_kg_la_lb_oa_os_ob_oc_od36.60.43.34.0.0_oe_of_lc_m102.34.33.0.1.1.400.50.0.756.1.61.400.500.0.2.1.48.50.50_s_og_oh_oo_op_oq_or_om_on_ok_ol_oi9.56.56.59.4_oj9.56.56.59.4_f00_da5_db_dd1.0.340.500.500.500.1.1_dh5.30.50.50.0_di10_pb_pc17.3F463E.3F463E.0.2.50.50_pd_pe_ia_if_ib_id_jd_je_ka15.20.20.0.0_kb_kc_kd_ke_kf_fv1.0,
,Tentacle,108**aa23.0.0.3.0.23.0.0.3.0.0.0_ab13.9.9.9_ac13.9.9.9_ba50_bb8.1_bc325.50.12.0.1.0_bd8_be1800_bi0.0.100.100_bf_bg_bh1_ca510.3.650.510.340.550.63.0.380.0.60.80.1.1_cc500.500.500.500.500.500.500.500.1.1.0.0_cd500.500.500.500.500.500.500.500.1.1.0.0_ce500.500.500.500.500.500.500.500.1.1.1.1_cf0.500.500.500.500.0.500.500.500.500.1.1.1.1_cg0.500.500.500.500.0.500.500.500.500.1.1_ch0.500.500.500.500.0.500.500.500.500.1.1_daCD7E98_db_dd11.0.340.500.500.500.1.1_dhAA687E.30.50.50.0_di7_qa8.CD7E98.CD7E98.50.50.CD7E98.2.0.0.53.13.0.1.50.50.50.50_qb_dc1.1.90596B.90596B.90596B.0_eh_ea52.1.1.56.0.0_ec_ed29.1000.1.1.1.56_ef14.1.1000.1.1.56.0.1_eg14.0.1000.1.1.56.0.1_r0014.1.1.56.0.0.1000.1000.1740.412.620.0.1.279.1.0.0.100.50.50_fa2.500.500.500.500.65.56.0_fb7_fh_fk136_fc94.1.11.94.1.11.500.61.61.500.500.500_fj0.0.0_fd1.0.50.1.56.75.50_fe38.61_ff0000000000_fg0.50.56.0.0.1.0.0_fi_pa0.1.0.0.40.50.85.85.0.0_t00_pb_pc_pd_pe_ga0_gb1.0.10.40.65_gc1.0_ge0000000000_gh0_gf_gg_gd000000_ha82.82_hb490.1.500.990.990.490.500_hc4.100.0.4.100.0.500.500_hd100.1.750.670.2.600.500.50.1.61_ad0.0.0.0.0.0.0.0.0.0_ae1.3.3.0.0_ia_if_ib_id_ic_jc_ie_ja_jb_jf_jg_jd_je_ka_kb_kc_kd_ke_kf_kg_la_lb_oa_os_ob_oc_od_oe_of_lc_m005.2.0.0.0.2.1000.500.989.618.1.61.1000.500.0.3.1.100.50.50_s00_og_oh_oo_op_oq_or_om_on_ok_ol_oi_oj_f00_fv1.0,108**aa14.307.0.0.54.14.307.0.0.54.0.0_ab_ac_ba50_bb13.1_bc44.510.8.0.1.0_bd13_be1800_bi0.0.100.100_bf_bg_bh1_ca510.3.650.510.340.550.63.0.380.0.60.80.1.1_cc500.500.500.500.500.500.500.500.1.1.0.0_cd500.500.500.500.500.500.500.500.1.1.0.0_ce500.500.500.500.500.500.500.500.1.1.1.1_cf0.500.500.500.500.0.500.500.500.500.1.1.1.1_cg0.500.500.500.500.0.500.500.500.500.1.1_ch0.500.500.500.500.0.500.500.500.500.1.1_qa8.CD7E98.CD7E98.50.50.CD7E98.2.0.0.53.13.0.1.50.50.50.50_qb_dc1.1.90596B.90596B.90596B.0_eh_ea52.1.1.56.0.0_ec_ed29.1000.1.1.1.56_ef14.1.1000.1.1.56.0.1_eg14.0.1000.1.1.56.0.1_r14.1.1.56.0.0.1000.1000.1740.412.620.0.1.279.1.0.0.100.50.50_fa0.500.500.500.500.65.56.0_fb7_fh_fk_fc5.697678.697678.5.697678.697678.500.FF0000.FF0000.500.500.500_fj_fd1.0.50.1.56.75.50_fe38.61_ff0000000000_fg0.50.56.0.0.1.0.0_fi_pa0.1.0.0.40.50.85.85.0.0_t_ga0_gb1.0.10.40.65_gc55.0_ge0000000000_gh0_gf_gg_gd000000_ha92.92_hb490.1.500.990.990.490.500_hc0.100.340.0.100.340.500.500_hd34.1.1000.1000.2.600.500.50.1.61_ad0.0.0.0.0.0.0.0.0.0_ae1.0.0.0.0_ic_jc45.22.22.22.1_ie_ja_jb_jf_jg_kg_la_lb_oa_os_ob_oc_od36.60.43.34.0.0_oe_of_lc_m102.34.33.0.1.1.400.50.0.756.1.61.400.500.0.2.1.48.50.50_s_og_oh_oo_op_oq_or_om_on_ok_ol_oi_oj_f00_da_db_dd11.0.340.500.500.500.1.1_dh30.50.50.0_di7_pb_pc_pd_pe_ia_if_ib_id_jd_je_ka15.20.20.0.0_kb_kc_kd_ke_kf_fv1.0,
,Gazer,108**aa56.100.0.9.100.56.100.0.9.100.0.0_ab_ac_ba50_bb41.1_bc412.50.12.0.1.0_bd65_be1800_bi0.0.100.100_bf_bg_bh1_ca480.6.450.480.340.340.63.0.0.0.60.80.1.1_cc500.500.500.500.500.500.500.500.1.1.0.0_cd500.500.500.500.500.500.500.500.1.1.0.0_ce500.500.500.500.500.500.500.500.1.1.1.1_cf0.500.500.500.500.0.500.500.500.500.1.1.1.1_cg0.500.500.500.500.0.500.500.500.500.1.1_ch0.500.500.500.500.0.500.500.500.500.1.1_daB096AB_db_dd10.0.340.500.750.500.1.1_dh6E5D6A.30.50.50.0_di9_qa6.B096AB.B096AB.50.50.795872.2.0.1.50.11.30.1.50.50.50.50_qb1.96_dc_eh4.53.100_ea27.53.53.56.0.0_ec26.440.53.53.56.410.680.0_ed_ef_eg_r00_fa24.500.500.600.600.65.56.0_fb7_fh_fk_fc0.F0FF00.55.0.F800FF.55.500.61.61.500.500.500_fj2.1.0_fd1.0.50.53.56.75.50_fe38.61_ff0000000000_fg0.50.56.0.0.1.0.0_fi_pa0.0.0.0.40.50.85.85.0.0_t0045.0FFF00.55.61.230.230.0.502.642.1.500.0.100.0.0.50.50_pb_pc_pd_pe_ga0_gb1.0.10.40.65_gc1.0_ge0000000000_gh0_gf_gg_gd000000_ha82.82_hb490.1.500.990.990.490.500_hc0.24.0.0.24.0.500.500_hd28.1.1000.1000.2.600.500.50.1.61_ad0.0.0.0.0.0.0.0.0.0_ae1.3.3.0.0_ia_if_ib_id_ic_jc_ie_ja_jb_jf_jg_jd_je_ka_kb_kc_kd_ke_kf_kg_la_lb_oa_os_ob_oc_od_oe_of_lc_m00_s00_og_oh_oo_op_oq_or_om_on_ok_ol_oi_oj_f00_fv1.0,108**aa14.307.0.0.54.14.307.0.0.54.0.0_ab_ac_ba50_bb13.1_bc44.510.8.0.1.0_bd13_be1800_bi0.0.100.100_bf_bg_bh1_ca480.6.450.480.340.340.63.0.0.0.60.80.1.1_cc500.500.500.500.500.500.500.500.1.1.0.0_cd500.500.500.500.500.500.500.500.1.1.0.0_ce500.500.500.500.500.500.500.500.1.1.1.1_cf0.500.500.500.500.0.500.500.500.500.1.1.1.1_cg0.500.500.500.500.0.500.500.500.500.1.1_ch0.500.500.500.500.0.500.500.500.500.1.1_qa6.B096AB.B096AB.50.50.795872.2.0.1.50.11.30.1.50.50.50.50_qb1.96_dc_eh4.53.100_ea27.53.53.56.0.0_ec26.440.53.53.56.410.680.0_ed_ef_eg_r_fa0.500.500.500.500.65.56.0_fb7_fh_fk_fc5.697678.697678.5.697678.697678.500.FF0000.FF0000.500.500.500_fj_fd1.0.50.53.56.75.50_fe38.61_ff0000000000_fg0.50.56.0.0.1.0.0_fi_pa0.0.0.0.40.50.85.85.0.0_t45.0FFF00.55.61.230.230.0.502.642.1.500.0.100.0.0.50.50_ga0_gb1.0.10.40.65_gc55.0_ge0000000000_gh0_gf_gg_gd000000_ha92.92_hb490.1.500.990.990.490.500_hc0.100.340.0.100.340.500.500_hd34.1.1000.1000.2.600.500.50.1.61_ad0.0.0.0.0.0.0.0.0.0_ae1.0.0.0.0_ic_jc45.22.22.22.1_ie_ja_jb_jf_jg_kg_la_lb_oa_os_ob_oc_od36.60.43.34.0.0_oe_of_lc_m102.34.33.0.1.1.400.50.0.756.1.61.400.500.0.2.1.48.50.50_s_og_oh_oo_op_oq_or_om_on_ok_ol_oi_oj_f00_da_db_dd10.0.340.500.750.500.1.1_dh6E5D6A.30.50.50.0_di9_pb_pc_pd_pe_ia_if_ib_id_jd_je_ka15.20.20.0.0_kb_kc_kd_ke_kf_fv1.0,
,Cursed bandit,108**aa7.0.0.11.58.6.10.0.3.48.0.0_ab67.57.52.60_ac_ba50_bb5.1_bc500.50.12.0.1.0_bd19_be1800_bi0.0.100.100_bf_bg_bh1_ca550.3.450.550.340.340.63.0.0.0.100.80.1.1_cc500.500.500.500.500.500.500.500.1.1.0.0_cd500.500.500.500.500.500.500.500.1.1.0.0_ce500.500.500.500.500.500.500.500.1.1.1.1_cf0.500.500.500.500.0.500.500.500.500.1.1.1.1_cg0.500.500.500.500.0.500.500.500.500.1.1_ch0.500.500.500.500.0.500.500.500.500.1.1_daFDF2E9_db_dd9.0.340.500.500.500.1.1_dhFDF2E9.30.50.50.0_di9_qa_qb_dc1.1.0.1.1.0_eh7.55.100_ea7.55.55.56.0.0_ec27.440.55.55.56.410.680.0_ed22.370.1.1.55.56_ef_eg_r00_fa18.500.500.500.500.65.56.0_fb7_fh_fk_fc0.61.61.0.61.61.500.55.55.500.500.500_fj_fd1.0.50.55.56.75.50_fe38.61_ff0000000000_fg0.50.56.0.0.1.0.0_fi_pa0.55.0.0.40.50.85.85.0.0_t0031.59.61.61.1000.1000.1800.497.529.1.500.0.100.0.0.50.50_t017.55.43.1.100.100.350.500.619.1.500.0.100.0.0.50.50_pb_pc_pd_pe_ga0_gb1.0.10.40.65_gc0.0_ge0000000000_gh0_gf_gg_gd000000_ha85.85_hb490.1.500.1000.1000.490.500_hc0.48.0.0.48.0.500.500_hd38.1.700.650.2.600.500.50.1.61_ad0.0.0.0.0.0.0.0.0.0_ae1.0.0.0.0_ia_if_ib_id_ic_jc_ie_ja8.59.59.59_jb8.59.59.59_jf_jg_jd1.53.53.53.1.53.0.0_je1.53.53.53.1.53.0.0_ka19.55.55.1.0_kb18.55.55.1.0_kc_kd_ke_kf_kg_la_lb_oa_os_ob_oc_od1.59.56.0.0.0_oe_of_lc_m00_s00_og_oh_oo_op_oq_or_om_on_ok_ol_oi7.59.58.58.3_oj7.59.58.58.3_f00_fv1.0,108**aa14.307.0.0.54.14.307.0.0.54.0.0_ab_ac_ba50_bb13.1_bc44.510.8.0.1.0_bd13_be1800_bi0.0.100.100_bf_bg_bh1_ca550.3.450.550.340.340.63.0.0.0.100.80.1.1_cc500.500.500.500.500.500.500.500.1.1.0.0_cd500.500.500.500.500.500.500.500.1.1.0.0_ce500.500.500.500.500.500.500.500.1.1.1.1_cf0.500.500.500.500.0.500.500.500.500.1.1.1.1_cg0.500.500.500.500.0.500.500.500.500.1.1_ch0.500.500.500.500.0.500.500.500.500.1.1_qa_qb_dc1.1.0.1.1.0_eh7.55.100_ea7.55.55.56.0.0_ec27.440.55.55.56.410.680.0_ed22.370.1.1.55.56_ef_eg_r_fa0.500.500.500.500.65.56.0_fb7_fh_fk_fc5.697678.697678.5.697678.697678.500.FF0000.FF0000.500.500.500_fj_fd1.0.50.55.56.75.50_fe38.61_ff0000000000_fg0.50.56.0.0.1.0.0_fi_pa0.55.0.0.40.50.85.85.0.0_t7.55.43.1.100.100.350.500.619.1.500.0.100.0.0.50.50_ga0_gb1.0.10.40.65_gc55.0_ge0000000000_gh0_gf_gg_gd000000_ha92.92_hb490.1.500.990.990.490.500_hc0.100.340.0.100.340.500.500_hd34.1.1000.1000.2.600.500.50.1.61_ad0.0.0.0.0.0.0.0.0.0_ae1.0.0.0.0_ic_jc45.22.22.22.1_ie_ja_jb_jf_jg_kg_la_lb_oa_os_ob_oc_od36.60.43.34.0.0_oe_of_lc_m102.34.33.0.1.1.400.50.0.756.1.61.400.500.0.2.1.48.50.50_s_og_oh_oo_op_oq_or_om_on_ok_ol_oi7.59.58.58.3_oj7.59.58.58.3_f00_da_db_dd9.0.340.500.500.500.1.1_dh30.50.50.0_di9_pb_pc_pd_pe_ia_if_ib_id_jd_je_ka15.20.20.0.0_kb_kc_kd_ke_kf_fv1.0,
,Forest Witch,108**aa8.0.0.9.58.23.300.0.8.94.0.0_ab31.53.0.0_ac_ba50_bb4.1_bc587.50.12.0.1.0_bd43_be1800_bi0.0.100.100_bf_bg_bh1_ca550.0.450.550.340.340.63.0.0.0.60.80.1.1_cc500.500.500.500.500.500.500.500.1.1.0.0_cd500.500.500.500.500.500.500.500.1.1.0.0_ce500.500.500.500.500.500.500.500.1.1.1.1_cf0.500.500.500.500.0.500.500.500.500.1.1.1.1_cg0.500.500.500.500.0.500.500.500.500.1.1_ch0.500.500.500.500.0.500.500.500.500.1.1_da0_db_dd1.0.340.500.500.500.1.1_dh0.30.50.50.0_di10_qa_qb_dc1.1.0.1.1.0_eh7.54.100_ea53.54.54.56.0.0_ec_ed44.370.1.1.54.56_ef_eg_r00_fa12.500.500.500.500.65.56.0_fb7_fh_fk_fc4.35.55.4.35.55.500.61.61.500.500.500_fj0.0.0_fd1.0.50.54.56.75.50_fe62.61_ff0000000000_fg0.50.56.0.0.1.0.0_fi_pa2.54.0.0.28.56.71.88.0.0_t00_pb_pc_pd_pe_ga0_gb1.0.10.40.65_gc0.0_ge0000000000_gh0_gf_gg_gd000000_ha74.74_hb490.1.500.990.990.490.500_hc0.24.0.0.71.280.500.500_hd97.1.720.1000.2.600.500.50.1.61_ad0.0.0.0.0.0.0.0.0.0_ae1.0.0.0.0_ia_if_ib_id7.60.37.0.0.0.1.16.37.60.16.37.60.17.0.0.0.0.1.0.0.0.0.0_ic_jc_ie_ja23.60.0.0_jb23.60.0.0_jf_jg_jd21.60.59.0.12.60.0.0_je21.60.59.0.12.60.0.0_ka14.59.59.0.0_kb14.59.59.0.0_kc_kd_ke_kf_kg_la37.60.38.0.1.1.1.1.1.1_lb_oa_os_ob_oc_od_oe_of_lc_m00_s00_og_oh_oo_op_oq_or_om_on_ok_ol_oi_oj_f00_fv1.0,108**aa14.307.0.0.54.14.307.0.0.54.0.0_ab_ac_ba50_bb13.1_bc44.510.8.0.1.0_bd13_be1800_bi0.0.100.100_bf_bg_bh1_ca550.0.450.550.340.340.63.0.0.0.60.80.1.1_cc500.500.500.500.500.500.500.500.1.1.0.0_cd500.500.500.500.500.500.500.500.1.1.0.0_ce500.500.500.500.500.500.500.500.1.1.1.1_cf0.500.500.500.500.0.500.500.500.500.1.1.1.1_cg0.500.500.500.500.0.500.500.500.500.1.1_ch0.500.500.500.500.0.500.500.500.500.1.1_qa_qb_dc1.1.0.1.1.0_eh7.54.100_ea53.54.54.56.0.0_ec_ed44.370.1.1.54.56_ef_eg_r_fa0.500.500.500.500.65.56.0_fb7_fh_fk_fc5.697678.697678.5.697678.697678.500.FF0000.FF0000.500.500.500_fj_fd1.0.50.54.56.75.50_fe62.61_ff0000000000_fg0.50.56.0.0.1.0.0_fi_pa2.54.0.0.28.56.71.88.0.0_t_ga0_gb1.0.10.40.65_gc55.0_ge0000000000_gh0_gf_gg_gd000000_ha92.92_hb490.1.500.990.990.490.500_hc0.100.340.0.100.340.500.500_hd34.1.1000.1000.2.600.500.50.1.61_ad0.0.0.0.0.0.0.0.0.0_ae1.0.0.0.0_ic_jc45.22.22.22.1_ie_ja_jb_jf_jg_kg_la_lb_oa_os_ob_oc_od36.60.43.34.0.0_oe_of_lc_m102.34.33.0.1.1.400.50.0.756.1.61.400.500.0.2.1.48.50.50_s_og_oh_oo_op_oq_or_om_on_ok_ol_oi_oj_f00_da0_db_dd1.0.340.500.500.500.1.1_dh0.30.50.50.0_di10_pb_pc_pd_pe_ia_if_ib_id_jd_je_ka15.20.20.0.0_kb_kc_kd_ke_kf_fv1.0,
,Giant,108**aa23.120.0.54.73.23.120.0.54.73.0.0_ab_ac_ba50_bb5.1_bc675.50.12.0.1.0_bd17_be1800_bi0.0.100.100_bf_bg_bh1_ca870.16.450.870.340.620.100.1000.160.0.60.76.1.1_cc500.500.500.500.500.500.500.500.1.1.0.0_cd500.500.500.500.500.500.500.500.1.1.0.0_ce500.500.500.500.500.500.500.500.1.1.1.1_cf0.500.500.500.500.0.500.500.500.500.1.1.1.1_cg0.500.500.500.500.0.500.500.500.500.1.1_ch0.500.500.500.500.0.500.500.500.500.1.1_daa19361_db6.7_dd0.0.340.500.620.500.1.1_dha19361.40.50.50.1_di9_qa_qb_dc9.0.a19361.a19361.a19361.0_eh_ea17.55.55.56.0.0_ec5.940.55.55.56.400.750.1_ed16.270.1.1.55.56_ef_eg_r00_fa12.500.500.500.640.65.56.0_fb7_fh_fk_fc0.42.55.0.42.55.490.61.61.500.500.500_fj0.0.0_fd0.0.50.40.56.75.50_fe62.61_ff0000000000_fg0.50.56.0.0.1.0.0_fi_pa0.0.0.0.40.50.85.85.0.0_t00_pb_pc_pd_pe_ga0_gb1.0.10.40.65_gc0.0_ge0000000000_gh0_gf_gg_gd000000_ha81.81_hb490.1.440.990.990.490.440_hc2.40.0.2.40.0.500.500_hd6.1.850.650.2.600.500.50.1.61_ad0.0.0.0.0.0.0.0.0.0_ae1.3.3.0.0_ia_if_ib_id_ic_jc_ie_ja_jb_jf_jg_jd_je_ka_kb_kc14.36.43.14.43_kd14.36.43.14.43_ke14.36.0.100.0_kf_kg_la_lb_oa_os_ob_oc_od37.51.51.51.0.0_oe_of_lc3.4.4.40.0_m0058.28FF00.35.61.0.3.400.3600.1000.320.3.61.400.500.0.0.1.100.50.50_s00_og_oh_oo_op_oq_or_om_on_ok_ol_oi_oj_f00_fv1.0,108**aa14.307.0.0.54.14.307.0.0.54.0.0_ab_ac_ba50_bb13.1_bc44.510.8.0.1.0_bd13_be1800_bi0.0.100.100_bf_bg_bh1_ca870.16.450.870.340.620.100.1000.160.0.60.76.1.1_cc500.500.500.500.500.500.500.500.1.1.0.0_cd500.500.500.500.500.500.500.500.1.1.0.0_ce500.500.500.500.500.500.500.500.1.1.1.1_cf0.500.500.500.500.0.500.500.500.500.1.1.1.1_cg0.500.500.500.500.0.500.500.500.500.1.1_ch0.500.500.500.500.0.500.500.500.500.1.1_qa_qb_dc9.0.a19361.a19361.a19361.0_eh_ea17.55.55.56.0.0_ec5.940.55.55.56.400.750.1_ed16.270.1.1.55.56_ef_eg_r_fa0.500.500.500.500.65.56.0_fb7_fh_fk_fc5.697678.697678.5.697678.697678.500.FF0000.FF0000.500.500.500_fj_fd0.0.50.40.56.75.50_fe62.61_ff0000000000_fg0.50.56.0.0.1.0.0_fi_pa0.0.0.0.40.50.85.85.0.0_t_ga0_gb1.0.10.40.65_gc55.0_ge0000000000_gh0_gf_gg_gd000000_ha92.92_hb490.1.500.990.990.490.500_hc0.100.340.0.100.340.500.500_hd34.1.1000.1000.2.600.500.50.1.61_ad0.0.0.0.0.0.0.0.0.0_ae1.0.0.0.0_ic_jc45.22.22.22.1_ie_ja_jb_jf_jg_kg_la_lb_oa_os_ob_oc_od36.60.43.34.0.0_oe_of_lc_m102.34.33.0.1.1.400.50.0.756.1.61.400.500.0.2.1.48.50.50_s_og_oh_oo_op_oq_or_om_on_ok_ol_oi_oj_f00_da_db6.7_dd0.0.340.500.620.500.1.1_dh40.50.50.1_di9_pb_pc_pd_pe_ia_if_ib_id_jd_je_ka15.20.20.0.0_kb_kc_kd_ke_kf_fv1.0,
,Fae Trickster,108**aa37.50.0.12.53.37.50.0.4.83.0.0_ab6.51.0.0_ac_ba50_bb14.1_bc762.50.12.190.1.0_bd50_be1800_bi0.0.100.100_bf_bg_bh1_ca550.15.450.550.340.340.63.0.0.0.60.32.1.1_cc500.500.500.500.500.500.500.500.1.1.0.0_cd500.500.500.500.500.500.500.500.1.1.0.0_ce500.500.500.500.500.500.500.500.1.1.1.1_cf0.500.500.500.500.0.500.500.500.500.1.1.1.1_cg0.500.500.500.500.0.500.500.500.500.1.1_ch0.500.500.500.500.0.500.500.500.500.1.1_da1_db_dd1.0.340.500.500.500.1.1_dh1.30.50.50.0_di8_qa_qb_dc1.1.0.1.1.0_eh7.AAFF00.100_ea19.AAFF00.AAFF00.56.0.0_ec_ed_ef9.1.560.AAFF00.AAFF00.56.0.1_eg9.1.560.AAFF00.AAFF00.56.0.1_r002.AAFF00.AAFF00.56.2.2.500.500.3400.497.620.0.2.500.1.0.0.100.50.50_fa3.500.500.500.500.65.56.0_fb7_fh_fk_fc5.FFF800.55.5.FFF800.55.500.61.61.500.500.500_fj14.0.0_fd1.0.50.AAFF00.56.75.50_fe38.61_ff0000000000_fg0.50.56.0.0.1.0.0_fi_pa0.AAFF00.0.0.40.50.85.85.0.0_t00_pb_pc_pd12.00FF00.E1FF00.F0FF00.1.1.75.1.55_pe_ga0_gb1.0.10.40.65_gc1.0_ge0000000000_gh0_gf_gg_gd000000_ha82.82_hb490.1.500.990.990.490.500_hc0.24.0.0.24.0.500.500_hd23.1.1000.740.2.600.500.50.1.61_ad0.0.0.0.0.0.0.0.0.0_ae1.0.0.0.0_ia_if_ib_id_ic_jc_ie_ja3.14FF00.40.2BFA05_jb3.14FF00.40.2BFA05_jf_jg_jd_je_ka23.C3FF00.0.0.0_kb_kc_kd_ke_kf_kg_la_lb_oa_os_ob_oc_od_oe_of_lc_m00_s00_og_oh_oo_op_oq_or_om_on_ok_ol_oi_oj_f00_fv1.0,108**aa14.307.0.0.54.14.307.0.0.54.0.0_ab_ac_ba50_bb13.1_bc44.510.8.0.1.0_bd13_be1800_bi0.0.100.100_bf_bg_bh1_ca550.15.450.550.340.340.63.0.0.0.60.32.1.1_cc500.500.500.500.500.500.500.500.1.1.0.0_cd500.500.500.500.500.500.500.500.1.1.0.0_ce500.500.500.500.500.500.500.500.1.1.1.1_cf0.500.500.500.500.0.500.500.500.500.1.1.1.1_cg0.500.500.500.500.0.500.500.500.500.1.1_ch0.500.500.500.500.0.500.500.500.500.1.1_qa_qb_dc1.1.0.1.1.0_eh7.AAFF00.100_ea19.AAFF00.AAFF00.56.0.0_ec_ed_ef9.1.560.AAFF00.AAFF00.56.0.1_eg9.1.560.AAFF00.AAFF00.56.0.1_r2.AAFF00.AAFF00.56.2.2.500.500.3400.497.620.0.2.500.1.0.0.100.50.50_fa0.500.500.500.500.65.56.0_fb7_fh_fk_fc5.697678.697678.5.697678.697678.500.FF0000.FF0000.500.500.500_fj_fd1.0.50.AAFF00.56.75.50_fe38.61_ff0000000000_fg0.50.56.0.0.1.0.0_fi_pa0.AAFF00.0.0.40.50.85.85.0.0_t_ga0_gb1.0.10.40.65_gc55.0_ge0000000000_gh0_gf_gg_gd000000_ha92.92_hb490.1.500.990.990.490.500_hc0.100.340.0.100.340.500.500_hd34.1.1000.1000.2.600.500.50.1.61_ad0.0.0.0.0.0.0.0.0.0_ae1.0.0.0.0_ic_jc45.22.22.22.1_ie_ja_jb_jf_jg_kg_la_lb_oa_os_ob_oc_od36.60.43.34.0.0_oe_of_lc_m102.34.33.0.1.1.400.50.0.756.1.61.400.500.0.2.1.48.50.50_s_og_oh_oo_op_oq_or_om_on_ok_ol_oi_oj_f00_da1_db_dd1.0.340.500.500.500.1.1_dh1.30.50.50.0_di8_pb_pc_pd12.00FF00.E1FF00.F0FF00.1.1.75.1.55_pe_ia_if_ib_id_jd_je_ka15.20.20.0.0_kb_kc_kd_ke_kf_fv1.0,
,Snatcher golem,108**aa21.150.0.12.50.21.150.0.12.50.0.0_ab_ac_ba50_bb17.1_bc850.50.12.0.1.0_bd17_be1800_bi0.0.100.100_bf_bg_bh1_ca530.9.590.530.350.450.80.400.560.0.70.80.1.1_cc500.500.500.500.500.500.500.500.1.1.0.0_cd500.500.500.500.500.500.500.500.1.1.0.0_ce500.500.500.500.500.500.500.500.1.1.1.1_cf0.500.500.500.500.0.500.500.500.500.1.1.1.1_cg0.500.500.500.500.0.500.500.500.500.1.1_ch0.500.500.500.500.0.500.500.500.500.1.1_daBABABA_db_dd9.0.340.500.500.500.1.1_dhBABABA.30.50.50.4_di7_qa5.BABABA.BABABA.50.50.BABABA.0.0.1.50.11.30.1.50.50.50.50_qb1.100_dc_eh_ea4.BABABA.BABABA.56.0.0_ec0.500.BABABA.BABABA.56.470.620.0_ed17.220.1.1.BABABA.56_ef_eg_r00_fa1.500.500.610.350.65.473F30.0_fb7_fh_fk136_fc12.BABABA.BABABA.12.BABABA.BABABA.500.C5F20D.C5F20D.500.500.500_fj_fd1.0.50.BABABA.56.75.50_fe50.61_ff0000000000_fg0.50.56.0.0.1.0.0_fi_pa0.7F7E7F.0.0.40.50.85.85.0.0_t00_pb_pc_pd_pe_ga0_gb1.0.10.40.65_gc1.0_ge0000000000_gh0_gf_gg_gd000000_ha89.89_hb490.1.440.990.990.490.440_hc0.50.0.0.50.0.500.500_hd0.1.370.540.2.600.500.50.1.61_ad0.0.0.0.0.0.0.0.0.0_ae1.3.3.0.0_ia_if_ib_id_ic_jc_ie_ja_jb_jf_jg_jd_je_ka_kb_kc_kd_ke_kf_kg_la_lb_oa_os_ob_oc_od_oe_of_lc_m00_s00_og_oh_oo_op_oq_or_om_on_ok_ol_oi_oj_f00_fv1.0,108**aa14.307.0.0.54.14.307.0.0.54.0.0_ab_ac_ba50_bb13.1_bc44.510.8.0.1.0_bd13_be1800_bi0.0.100.100_bf_bg_bh1_ca530.9.590.530.350.450.80.400.560.0.70.80.1.1_cc500.500.500.500.500.500.500.500.1.1.0.0_cd500.500.500.500.500.500.500.500.1.1.0.0_ce500.500.500.500.500.500.500.500.1.1.1.1_cf0.500.500.500.500.0.500.500.500.500.1.1.1.1_cg0.500.500.500.500.0.500.500.500.500.1.1_ch0.500.500.500.500.0.500.500.500.500.1.1_qa5.BABABA.BABABA.50.50.BABABA.0.0.1.50.11.30.1.50.50.50.50_qb1.100_dc_eh_ea4.BABABA.BABABA.56.0.0_ec0.500.BABABA.BABABA.56.470.620.0_ed17.220.1.1.BABABA.56_ef_eg_r_fa0.500.500.500.500.65.56.0_fb7_fh_fk_fc5.697678.697678.5.697678.697678.500.FF0000.FF0000.500.500.500_fj_fd1.0.50.BABABA.56.75.50_fe50.61_ff0000000000_fg0.50.56.0.0.1.0.0_fi_pa0.7F7E7F.0.0.40.50.85.85.0.0_t_ga0_gb1.0.10.40.65_gc55.0_ge0000000000_gh0_gf_gg_gd000000_ha92.92_hb490.1.500.990.990.490.500_hc0.100.340.0.100.340.500.500_hd34.1.1000.1000.2.600.500.50.1.61_ad0.0.0.0.0.0.0.0.0.0_ae1.0.0.0.0_ic_jc45.22.22.22.1_ie_ja_jb_jf_jg_kg_la_lb_oa_os_ob_oc_od36.60.43.34.0.0_oe_of_lc_m102.34.33.0.1.1.400.50.0.756.1.61.400.500.0.2.1.48.50.50_s_og_oh_oo_op_oq_or_om_on_ok_ol_oi_oj_f00_da_db_dd9.0.340.500.500.500.1.1_dh30.50.50.4_di7_pb_pc_pd_pe_ia_if_ib_id_jd_je_ka15.20.20.0.0_kb_kc_kd_ke_kf_fv1.0,
,Farmer Golem,108**aa21.150.0.12.50.21.150.0.12.50.0.0_ab_ac_ba50_bb17.1_bc370.500.7.0.1.0_bd17_be1800_bi0.0.100.100_bf_bg_bh1_ca610.9.590.610.350.450.80.400.930.0.70.80.1.1_cc500.500.500.500.500.500.500.500.1.1.0.0_cd500.500.500.500.500.500.500.500.1.1.0.0_ce500.500.500.500.500.500.500.500.1.1.1.1_cf0.500.500.500.500.0.500.500.500.500.1.1.1.1_cg0.500.500.500.500.0.500.500.500.500.1.1_ch0.500.500.500.500.0.500.500.500.500.1.1_daE3E3E3_db_dd9.3.340.500.500.450.1.1_dh_di9_qa_qb_dc_eh_ea5.E3E3E3.E3E3E3.56.0.0_ec_ed16.480.0.0.E3E3E3.56_ef_eg_r0039.E3E3E3.E3E3E3.56.0.0.370.370.0.569.575.1.3.501.1.0.0.100.50.50_fa0.500.500.610.350.65.473F30.0_fb7_fh_fk136_fc12.E3E3E3.E3E3E3.12.E3E3E3.E3E3E3.500.44.44.500.500.500_fj_fd1.0.50.E3E3E3.56.75.50_fe50.61_ff0000000000_fg0.50.56.0.0.1.0.0_fi_pa0.E3E3E3.0.0.40.50.85.85.0.0_t00_pb_pc_pd_pe_ga0_gb1.0.10.40.65_gc1.0_ge0000000000_gh0_gf_gg_gd000000_ha89.89_hb490.1.440.990.990.490.440_hc0.50.0.0.50.0.500.500_hd27.1.1000.1000.2.600.500.50.1.61_ad0.0.0.0.0.0.0.0.0.0_ae1.0.0.0.0_ia_if_ib3.55.40.55.0.0.0.1.29.55.0.29.55.0.0.0.0.0.0.1.0.1.0.0.0.0.0_id_ic25.55.40.55.0_jc_ie_ja2.55.40.0_jb2.55.40.0_jf_jg_jd1.52.52.0.11.52.52.55_je1.52.52.0.11.52.52.55_ka_kb_kc_kd_ke_kf_kg_la37.51.55.0.1.1.1.1.1.1_lb_oa_os_ob_oc_od_oe_of3.40.0.0.1_lc_m00_s00_og_oh_oo_op_oq_or_om_on_ok_ol_oi_oj_f00_fv1.0,108**aa14.307.0.0.54.14.307.0.0.54.0.0_ab_ac_ba50_bb13.1_bc44.510.8.0.1.0_bd13_be1800_bi0.0.100.100_bf_bg_bh1_ca610.9.590.610.350.450.80.400.930.0.70.80.1.1_cc500.500.500.500.500.500.500.500.1.1.0.0_cd500.500.500.500.500.500.500.500.1.1.0.0_ce500.500.500.500.500.500.500.500.1.1.1.1_cf0.500.500.500.500.0.500.500.500.500.1.1.1.1_cg0.500.500.500.500.0.500.500.500.500.1.1_ch0.500.500.500.500.0.500.500.500.500.1.1_qa_qb_dc_eh_ea5.E3E3E3.E3E3E3.56.0.0_ec_ed16.480.0.0.E3E3E3.56_ef_eg_r39.E3E3E3.E3E3E3.56.0.0.370.370.0.569.575.1.3.501.1.0.0.100.50.50_fa0.500.500.500.500.65.56.0_fb7_fh_fk_fc5.697678.697678.5.697678.697678.500.FF0000.FF0000.500.500.500_fj_fd1.0.50.E3E3E3.56.75.50_fe50.61_ff0000000000_fg0.50.56.0.0.1.0.0_fi_pa0.E3E3E3.0.0.40.50.85.85.0.0_t_ga0_gb1.0.10.40.65_gc55.0_ge0000000000_gh0_gf_gg_gd000000_ha92.92_hb490.1.500.990.990.490.500_hc0.100.340.0.100.340.500.500_hd34.1.1000.1000.2.600.500.50.1.61_ad0.0.0.0.0.0.0.0.0.0_ae1.0.0.0.0_ic_jc45.22.22.22.1_ie_ja_jb_jf_jg_kg_la_lb_oa_os_ob_oc_od36.60.43.34.0.0_oe_of_lc_m102.34.33.0.1.1.400.50.0.756.1.61.400.500.0.2.1.48.50.50_s_og_oh_oo_op_oq_or_om_on_ok_ol_oi_oj_f00_da_db_dd9.3.340.500.500.450.1.1_dh_di9_pb_pc_pd_pe_ia_if_ib_id_jd_je_ka15.20.20.0.0_kb_kc_kd_ke_kf_fv1.0,
,ScareCrow,108**aa55.0.0.15.26.55.0.0.15.26.0.0_ab35.52.60.59_ac35.52.60.21_ba50_bb1.1_bc457.500.7.0.1.0_bd1_be1800_bi0.0.100.100_bf_bg_bh1_ca620.0.450.620.340.340.34.0.0.14.60.80.1.1_cc500.500.500.500.500.500.500.500.1.1.0.0_cd500.500.500.500.500.500.500.500.1.1.0.0_ce500.500.500.500.500.500.500.500.1.1.1.1_cf0.500.500.500.500.0.500.500.500.500.1.1.1.1_cg0.500.500.500.500.0.500.500.500.500.1.1_ch0.500.500.500.500.0.500.500.500.500.1.1_daDFCC9F_db_dd9.0.340.500.500.500.1.1_dh000000.30.50.50.5_di12_qa_qb_dc1.1.0.1.1.0_eh_ea26.24.24.56.0.0_ec3.760.24.24.56.410.710.0_ed39.480.0.1.24.56_ef_eg_r00_fa4.500.500.500.500.65.56.0_fb7_fh_fk_fc14.FF0000.DFCC9F.14.FF0000.DFCC9F.500.61.61.500.500.500_fj_fd13.0.50.24.56.75.50_fe50.61_ff0000000001_fg17.50.56.0.0.1.0.0_fi_pa0.0.0.0.40.50.85.85.0.0_t0028.61.61.0.140.140.0.499.339.1.500.0.100.0.0.50.50_pb_pc_pd_pe_ga0_gb1.0.10.40.65_gc1.0_ge0000000000_gh0_gf_gg_gd000000_ha73.73_hb0.0.350.1000.1000.0.350_hc0.59.190.0.59.190.500.500_hd6.1.0.0.0.600.500.50.1.61_ad0.0.0.0.0.0.0.0.0.0_ae1.3.3.0.0_ia_if_ib_id_ic_jc9.DFCC9F.DFCC9F.DFCC9F.1_ie_ja_jb_jf_jg_jd_je_ka_kb_kc_kd_ke8.51.0.100.0_kf_kg_la37.51.55.0.1.1.1.1.1.1_lb_oa_os_ob_oc_od_oe_of_lc_m00_s00_og_oh_oo_op_oq_or_om_on_ok_ol_oi_oj_f00_fv1.0,108**aa14.307.0.0.54.14.307.0.0.54.0.0_ab_ac_ba50_bb13.1_bc44.510.8.0.1.0_bd13_be1800_bi0.0.100.100_bf_bg_bh1_ca620.0.450.620.340.340.34.0.0.14.60.80.1.1_cc500.500.500.500.500.500.500.500.1.1.0.0_cd500.500.500.500.500.500.500.500.1.1.0.0_ce500.500.500.500.500.500.500.500.1.1.1.1_cf0.500.500.500.500.0.500.500.500.500.1.1.1.1_cg0.500.500.500.500.0.500.500.500.500.1.1_ch0.500.500.500.500.0.500.500.500.500.1.1_qa_qb_dc1.1.0.1.1.0_eh_ea26.24.24.56.0.0_ec3.760.24.24.56.410.710.0_ed39.480.0.1.24.56_ef_eg_r_fa0.500.500.500.500.65.56.0_fb7_fh_fk_fc5.697678.697678.5.697678.697678.500.FF0000.FF0000.500.500.500_fj_fd13.0.50.24.56.75.50_fe50.61_ff0000000001_fg17.50.56.0.0.1.0.0_fi_pa0.0.0.0.40.50.85.85.0.0_t28.61.61.0.140.140.0.499.339.1.500.0.100.0.0.50.50_ga0_gb1.0.10.40.65_gc55.0_ge0000000000_gh0_gf_gg_gd000000_ha92.92_hb490.1.500.990.990.490.500_hc0.100.340.0.100.340.500.500_hd34.1.1000.1000.2.600.500.50.1.61_ad0.0.0.0.0.0.0.0.0.0_ae1.0.0.0.0_ic_jc45.22.22.22.1_ie_ja_jb_jf_jg_kg_la_lb_oa_os_ob_oc_od36.60.43.34.0.0_oe_of_lc_m102.34.33.0.1.1.400.50.0.756.1.61.400.500.0.2.1.48.50.50_s_og_oh_oo_op_oq_or_om_on_ok_ol_oi_oj_f00_da_db_dd9.0.340.500.500.500.1.1_dh000000.30.50.50.5_di12_pb_pc_pd_pe_ia_if_ib_id_jd_je_ka15.20.20.0.0_kb_kc_kd_ke_kf_fv1.0,
,Mandaroga,108**aa6.30.0.0.100.6.30.0.0.100.0.0_ab_ac_ba50_bb43.1_bc543.500.7.0.1.0_bd43_be1800_bi0.0.100.100_bf_bg_bh1_ca260.0.450.260.340.80.31.0.0.0.60.80.1.1_cc500.500.500.500.500.500.500.500.1.1.0.0_cd500.500.500.500.500.500.500.500.1.1.0.0_ce500.500.500.500.500.500.500.500.1.1.1.1_cf0.500.500.500.500.0.500.500.500.500.1.1.1.1_cg0.500.500.500.500.0.500.500.500.500.1.1_ch0.500.500.500.500.0.500.500.500.500.1.1_daa19361_db_dd10.0.340.500.500.500.1.1_dhA19361.30.50.50.0_di5_qa_qb_dc4.1.a19361.A19361.A19361.0_eh_ea30.56B14D.56B14D.56.0.0_ec1.470.56B14D.56B14D.56.380.570.0_ed49.790.1.1.56B14D.56_ef6.1.1000.56B14D.56B14D.56.0.1_eg6.1.1000.56B14D.56B14D.56.0.1_r00_fa2.500.500.500.500.65.56.0_fb6_fh_fk136_fc0.00C3FF.55.0.00C3FF.55.500.61.61.500.500.500_fj0.0.0_fd1.0.50.56B14D.56.75.50_fe50.61_ff0000000000_fg0.50.56.0.0.1.0.0_fi_pa0.0.0.0.40.50.85.85.0.0_t00_pb_pc_pd_pe_ga0_gb1.0.10.40.65_gc1.0_ge0000000000_gh0_gf_gg_gd000000_ha82.82_hb490.1.440.990.990.490.440_hc0.0.0.0.0.0.500.500_hd29.1.1000.1000.2.600.500.50.1.61_ad0.0.0.0.0.0.0.0.0.0_ae1.3.3.0.0_ia_if_ib_id_ic_jc_ie_ja_jb_jf_jg_jd_je_ka_kb_kc14.34.0.51.0_kd14.34.0.51.0_ke14.34.0.100.0_kf_kg_la_lb_oa4.56.0.0_os_ob_oc_od_oe_of_lc_m0055.55.10.14.1.2.370.0.0.820.3.61.370.500.0.0.1.100.50.50_s00_og_oh_oo_op_oq_or_om_on_ok_ol_oi_oj_f00_fv1.0,108**aa14.307.0.0.54.14.307.0.0.54.0.0_ab_ac_ba50_bb13.1_bc44.510.8.0.1.0_bd13_be1800_bi0.0.100.100_bf_bg_bh1_ca260.0.450.260.340.80.31.0.0.0.60.80.1.1_cc500.500.500.500.500.500.500.500.1.1.0.0_cd500.500.500.500.500.500.500.500.1.1.0.0_ce500.500.500.500.500.500.500.500.1.1.1.1_cf0.500.500.500.500.0.500.500.500.500.1.1.1.1_cg0.500.500.500.500.0.500.500.500.500.1.1_ch0.500.500.500.500.0.500.500.500.500.1.1_qa_qb_dc4.1.a19361.A19361.A19361.0_eh_ea30.56B14D.56B14D.56.0.0_ec1.470.56B14D.56B14D.56.380.570.0_ed49.790.1.1.56B14D.56_ef6.1.1000.56B14D.56B14D.56.0.1_eg6.1.1000.56B14D.56B14D.56.0.1_r_fa0.500.500.500.500.65.56.0_fb7_fh_fk_fc5.697678.697678.5.697678.697678.500.FF0000.FF0000.500.500.500_fj_fd1.0.50.56B14D.56.75.50_fe50.61_ff0000000000_fg0.50.56.0.0.1.0.0_fi_pa0.0.0.0.40.50.85.85.0.0_t_ga0_gb1.0.10.40.65_gc55.0_ge0000000000_gh0_gf_gg_gd000000_ha92.92_hb490.1.500.990.990.490.500_hc0.100.340.0.100.340.500.500_hd34.1.1000.1000.2.600.500.50.1.61_ad0.0.0.0.0.0.0.0.0.0_ae1.0.0.0.0_ic_jc45.22.22.22.1_ie_ja_jb_jf_jg_kg_la_lb_oa_os_ob_oc_od36.60.43.34.0.0_oe_of_lc_m102.34.33.0.1.1.400.50.0.756.1.61.400.500.0.2.1.48.50.50_s_og_oh_oo_op_oq_or_om_on_ok_ol_oi_oj_f00_da_db_dd10.0.340.500.500.500.1.1_dh30.50.50.0_di5_pb_pc_pd_pe_ia_if_ib_id_jd_je_ka15.20.20.0.0_kb_kc_kd_ke_kf_fv1.0,
,Tower Golem,108**aa21.103.0.3.33.21.103.0.3.33.0.0_ab29.55.43.57_ac29.55.43.57_ba50_bb17.1_bc630.500.7.0.1.0_bd17_be1800_bi0.0.100.100_bf_bg_bh1_ca610.9.590.610.350.450.80.400.930.0.70.80.1.1_cc500.500.500.500.500.500.500.500.1.1.0.0_cd500.500.500.500.500.500.500.500.1.1.0.0_ce500.500.500.500.500.500.500.500.1.1.1.1_cf0.500.500.500.500.0.500.500.500.500.1.1.1.1_cg0.500.500.500.500.0.500.500.500.500.1.1_ch0.500.500.500.500.0.500.500.500.500.1.1_daE3E3E3_db_dd9.3.340.500.500.450.1.1_dh_di9_qa_qb_dc_eh_ea5.E3E3E3.E3E3E3.56.0.0_ec_ed16.480.0.0.E3E3E3.56_ef_eg_r0039.E3E3E3.E3E3E3.56.0.0.370.370.0.569.575.1.3.501.1.0.0.100.50.50_fa0.500.500.610.350.65.473F30.0_fb7_fh_fk136_fc12.E3E3E3.E3E3E3.12.E3E3E3.E3E3E3.500.FF001D.FF001D.500.500.500_fj_fd1.0.50.E3E3E3.56.75.50_fe50.61_ff0000000000_fg0.50.56.0.0.1.0.0_fi_pa0.E3E3E3.0.0.40.50.85.85.0.0_t00_pb_pc_pd_pe_ga0_gb1.0.10.40.65_gc1.0_ge0000000000_gh0_gf_gg_gd000000_ha89.89_hb490.1.440.990.990.490.440_hc0.50.0.0.50.0.500.500_hd27.1.1000.1000.2.600.500.50.1.61_ad0.0.0.0.0.0.0.0.0.0_ae1.0.0.0.0_ia_if_ib2.51.55.0.2.3.0.1.25.55.43.25.55.43.2.12.51.51.56.2.0.0.0.0.0.0.0_id_ic_jc_ie1.56.0.0.5.51.51.0.5.51.51.0.0_ja_jb_jf_jg_jd0.57.57.57.8.57.43.0_je0.57.57.57.8.57.43.0_ka_kb_kc_kd_ke_kf_kg_la25.51.0.0.1.1.1.1.1.1_lb_oa_os_ob_oc_od_oe_of0.43.0.0.1_lc_m00_s000.51.43.56.1.500.0.500.477.2.0.0.500.3.61.500.100.50.50_og_oh_oo_op_oq_or_om_on_ok_ol_oi_oj_f00_fv1.0,108**aa14.307.0.0.54.14.307.0.0.54.0.0_ab_ac_ba50_bb13.1_bc44.510.8.0.1.0_bd13_be1800_bi0.0.100.100_bf_bg_bh1_ca610.9.590.610.350.450.80.400.930.0.70.80.1.1_cc500.500.500.500.500.500.500.500.1.1.0.0_cd500.500.500.500.500.500.500.500.1.1.0.0_ce500.500.500.500.500.500.500.500.1.1.1.1_cf0.500.500.500.500.0.500.500.500.500.1.1.1.1_cg0.500.500.500.500.0.500.500.500.500.1.1_ch0.500.500.500.500.0.500.500.500.500.1.1_qa_qb_dc_eh_ea5.E3E3E3.E3E3E3.56.0.0_ec_ed16.480.0.0.E3E3E3.56_ef_eg_r39.E3E3E3.E3E3E3.56.0.0.370.370.0.569.575.1.3.501.1.0.0.100.50.50_fa0.500.500.500.500.65.56.0_fb7_fh_fk_fc5.697678.697678.5.697678.697678.500.FF0000.FF0000.500.500.500_fj_fd1.0.50.E3E3E3.56.75.50_fe50.61_ff0000000000_fg0.50.56.0.0.1.0.0_fi_pa0.E3E3E3.0.0.40.50.85.85.0.0_t_ga0_gb1.0.10.40.65_gc55.0_ge0000000000_gh0_gf_gg_gd000000_ha92.92_hb490.1.500.990.990.490.500_hc0.100.340.0.100.340.500.500_hd34.1.1000.1000.2.600.500.50.1.61_ad0.0.0.0.0.0.0.0.0.0_ae1.0.0.0.0_ic_jc45.22.22.22.1_ie_ja_jb_jf_jg_kg_la_lb_oa_os_ob_oc_od36.60.43.34.0.0_oe_of_lc_m102.34.33.0.1.1.400.50.0.756.1.61.400.500.0.2.1.48.50.50_s0.51.43.56.1.500.0.500.477.2.0.0.500.3.61.500.100.50.50_og_oh_oo_op_oq_or_om_on_ok_ol_oi_oj_f00_da_db_dd9.3.340.500.500.450.1.1_dh_di9_pb_pc_pd_pe_ia_if_ib_id_jd_je_ka15.20.20.0.0_kb_kc_kd_ke_kf_fv1.0,
,Feral ForestKin,108**aa22.130.1.48.100.19.40.0.1.72.0.0_ab_ac40.57.52.53_ba50_bb32.1_bc717.500.7.0.1.0_bd32_be1800_bi0.0.100.100_bf_bg_bh1_ca610.13.590.610.350.450.94.510.800.0.70.80.1.1_cc500.500.500.500.500.500.500.500.1.1.0.0_cd500.500.500.500.500.500.500.500.1.1.0.0_ce500.500.500.500.500.500.500.500.1.1.1.1_cf0.500.500.500.500.0.500.500.500.500.1.1.1.1_cg0.500.500.500.500.0.500.500.500.500.1.1_ch0.500.500.500.500.0.500.500.500.500.1.1_da8_db_dd5.0.340.500.500.500.1.1_dh8.30.50.50.4_di8_qa7.8.8.50.50.5.0.0.1.50.11.30.1.50.50.50.50_qb5.51_dc_eh_ea38.31.31.56.0.0_ec9.500.31.31.56.470.620.0_ed26.640.1.1.31.56_ef_eg_r00_fa4.500.500.610.350.65.473F30.0_fb_fh_fk136_fc13.43.60.13.43.60.500.60.60.500.500.500_fj_fd1.0.50.31.56.75.50_fe50.61_ff0000000000_fg0.50.56.0.0.1.0.0_fi_pa0.31.0.0.40.50.85.85.0.0_t0030.61.0.0.340.160.0.620.479.0.500.0.100.0.0.50.50_pb9.31.31.31.0_pc_pd_pe2.31.31.0.1.0.53_ga0_gb1.0.10.40.65_gc64.0_ge0000000000_gh0_gf_gg_gd000010_ha84.66_hb670.0.600.640.220.670.500_hc4.75.0.4.75.0.500.500_hd63.1.1000.1000.2.600.500.50.1.61_ad0.0.0.0.0.0.0.0.0.0_ae1.3.3.0.0_ia_if_ib_id_ic_jc_ie_ja15.55.18.55_jb15.55.18.55_jf_jg_jd_je_ka_kb_kc_kd_ke_kf_kg_la_lb_oa_os_ob_oc_od_oe_of_lc_m0178.43.0.0.1.1.280.0.0.656.4.61.400.500.0.3.1.100.50.50_s00_og_oh_oo_op_oq_or_om_on_ok_ol_oi19.55.0.0.2_oj19.55.0.0.2_f00_fv1.0,108**aa14.307.0.0.54.14.307.0.0.54.0.0_ab_ac_ba50_bb13.1_bc44.510.8.0.1.0_bd13_be1800_bi0.0.100.100_bf_bg_bh1_ca610.13.590.610.350.450.94.510.800.0.70.80.1.1_cc500.500.500.500.500.500.500.500.1.1.0.0_cd500.500.500.500.500.500.500.500.1.1.0.0_ce500.500.500.500.500.500.500.500.1.1.1.1_cf0.500.500.500.500.0.500.500.500.500.1.1.1.1_cg0.500.500.500.500.0.500.500.500.500.1.1_ch0.500.500.500.500.0.500.500.500.500.1.1_qa7.8.8.50.50.5.0.0.1.50.11.30.1.50.50.50.50_qb5.51_dc_eh_ea38.31.31.56.0.0_ec9.500.31.31.56.470.620.0_ed26.640.1.1.31.56_ef_eg_r_fa0.500.500.500.500.65.56.0_fb7_fh_fk_fc5.697678.697678.5.697678.697678.500.FF0000.FF0000.500.500.500_fj_fd1.0.50.31.56.75.50_fe50.61_ff0000000000_fg0.50.56.0.0.1.0.0_fi_pa0.31.0.0.40.50.85.85.0.0_t30.61.0.0.340.160.0.620.479.0.500.0.100.0.0.50.50_ga0_gb1.0.10.40.65_gc55.0_ge0000000000_gh0_gf_gg_gd000000_ha92.92_hb490.1.500.990.990.490.500_hc0.100.340.0.100.340.500.500_hd34.1.1000.1000.2.600.500.50.1.61_ad0.0.0.0.0.0.0.0.0.0_ae1.0.0.0.0_ic_jc45.22.22.22.1_ie_ja_jb_jf_jg_kg_la_lb_oa_os_ob_oc_od36.60.43.34.0.0_oe_of_lc_m102.34.33.0.1.1.400.50.0.756.1.61.400.500.0.2.1.48.50.50_s_og_oh_oo_op_oq_or_om_on_ok_ol_oi19.55.0.0.2_oj19.55.0.0.2_f00_da8_db_dd5.0.340.500.500.500.1.1_dh8.30.50.50.4_di8_pb9.31.31.31.0_pc_pd_pe2.31.31.0.1.0.53_ia_if_ib_id_jd_je_ka15.20.20.0.0_kb_kc_kd_ke_kf_fv1.0,
,Tower ForestKin,108**aa13.0.1.47.58.13.0.1.0.66.0.0_ab_ac40.57.52.53_ba50_bb15.1_bc804.500.7.0.1.0_bd15_be1800_bi0.0.100.100_bf_bg_bh1_ca610.13.590.610.350.450.94.510.800.0.70.80.1.1_cc500.500.500.500.500.500.500.500.1.1.0.0_cd500.500.500.500.500.500.500.500.1.1.0.0_ce500.500.500.500.500.500.500.500.1.1.1.1_cf0.500.500.500.500.0.500.500.500.500.1.1.1.1_cg0.500.500.500.500.0.500.500.500.500.1.1_ch0.500.500.500.500.0.500.500.500.500.1.1_da8_db_dd9.0.340.500.500.500.1.1_dh8.30.50.50.4_di8_qa7.8.8.50.50.5.0.0.1.50.11.30.1.50.50.50.50_qb5.51_dc_eh_ea38.31.31.56.0.0_ec9.500.31.31.56.470.620.0_ed26.640.1.1.31.56_ef_eg_r00_fa4.500.500.610.350.65.473F30.0_fb_fh_fk136_fc5.43.60.5.43.60.500.60.60.500.500.500_fj_fd1.0.50.31.56.75.50_fe50.61_ff0000000000_fg0.50.56.0.0.1.0.0_fi_pa0.31.0.0.40.50.85.85.0.0_t0030.61.0.0.210.170.0.620.479.0.500.0.100.0.0.50.50_pb7.31.31.31.0_pc_pd_pe2.31.31.0.1.0.53_ga0_gb1.0.10.40.65_gc0.0_ge0000000000_gh0_gf_gg_gd000000_ha91.91_hb490.1.380.990.990.490.380_hc0.58.30.0.58.30.500.500_hd4.1.440.0.2.600.500.50.1.61_ad0.0.0.0.0.0.0.0.0.0_ae1.3.3.0.0_ia_if_ib_id_ic_jc_ie_ja15.55.18.55_jb15.55.18.55_jf_jg_jd_je_ka_kb_kc_kd_ke_kf_kg_la_lb_oa_os_ob_oc_od_oe_of_lc_m0178.43.0.0.1.1.280.0.0.656.4.61.400.500.0.3.1.100.50.50_s00_og_oh_oo_op_oq_or_om_on_ok_ol_oi19.55.0.0.2_oj19.55.0.0.2_f00_fv1.0,108**aa14.307.0.0.54.14.307.0.0.54.0.0_ab_ac_ba50_bb13.1_bc44.510.8.0.1.0_bd13_be1800_bi0.0.100.100_bf_bg_bh1_ca610.13.590.610.350.450.94.510.800.0.70.80.1.1_cc500.500.500.500.500.500.500.500.1.1.0.0_cd500.500.500.500.500.500.500.500.1.1.0.0_ce500.500.500.500.500.500.500.500.1.1.1.1_cf0.500.500.500.500.0.500.500.500.500.1.1.1.1_cg0.500.500.500.500.0.500.500.500.500.1.1_ch0.500.500.500.500.0.500.500.500.500.1.1_qa7.8.8.50.50.5.0.0.1.50.11.30.1.50.50.50.50_qb5.51_dc_eh_ea38.31.31.56.0.0_ec9.500.31.31.56.470.620.0_ed26.640.1.1.31.56_ef_eg_r_fa0.500.500.500.500.65.56.0_fb7_fh_fk_fc5.697678.697678.5.697678.697678.500.FF0000.FF0000.500.500.500_fj_fd1.0.50.31.56.75.50_fe50.61_ff0000000000_fg0.50.56.0.0.1.0.0_fi_pa0.31.0.0.40.50.85.85.0.0_t30.61.0.0.210.170.0.620.479.0.500.0.100.0.0.50.50_ga0_gb1.0.10.40.65_gc55.0_ge0000000000_gh0_gf_gg_gd000000_ha92.92_hb490.1.500.990.990.490.500_hc0.100.340.0.100.340.500.500_hd34.1.1000.1000.2.600.500.50.1.61_ad0.0.0.0.0.0.0.0.0.0_ae1.0.0.0.0_ic_jc45.22.22.22.1_ie_ja_jb_jf_jg_kg_la_lb_oa_os_ob_oc_od36.60.43.34.0.0_oe_of_lc_m102.34.33.0.1.1.400.50.0.756.1.61.400.500.0.2.1.48.50.50_s_og_oh_oo_op_oq_or_om_on_ok_ol_oi19.55.0.0.2_oj19.55.0.0.2_f00_da8_db_dd9.0.340.500.500.500.1.1_dh8.30.50.50.4_di8_pb7.31.31.31.0_pc_pd_pe2.31.31.0.1.0.53_ia_if_ib_id_jd_je_ka15.20.20.0.0_kb_kc_kd_ke_kf_fv1.0,
